,Code,Name,Orig Code,Ensemble,Trans Type,Peak Time,Peak SLP,Peak Lon,Peak Lat,Trop Peak Time,Trop Begin Time,Trop Peak SLP,Trop Peak Lon,Trop Peak Lat,Genesis Time,Genesis SLP,Genesis Lon,Genesis Lat,Final Time,Final SLP,Final Lon,Final Lat,Trop Begin SLP,Trop Begin Lon,Trop Begin Lat,ET Begin Time,ET Begin SLP,ET Begin Lon,ET Begin Lat,ET Complete Time,ET Complete SLP,ET Complete Lon,ET Complete Lat
0,TC190002,Beatrice,0026,A,2,1900-09-03 06:00:00,933.33,-53.61,30.15,1900-09-03 06:00:00,1900-08-29 06:00:00,933.33,-53.61,30.15,1900-08-26 12:00:00,1003.52,-7.32,15.81,1900-09-10 06:00:00,978.17,-16.15,55.43,1003.29,-27.73,17.28,1900-09-04 06:00:00,943.55,-50.41,35.84,1900-09-10 06:00:00,978.17,-16.15,55.43
1,TC190006,Ernest,0038,A,2,1900-11-22 18:00:00,991.58,-36.06,34.02,1900-11-22 18:00:00,1900-11-21 12:00:00,991.58,-36.06,34.02,1900-11-21 12:00:00,1006.64,-35.72,24.28,1900-11-25 12:00:00,998.31,-47.52,55.48,1006.64,-35.72,24.28,1900-11-24 18:00:00,998.89,-42.28,44.18,1900-11-25 00:00:00,998.75,-42.63,48.24
2,TC190103,Kinen,0079,A,2,1901-10-13 18:00:00,974.73,-35.58,40.53,1901-10-13 18:00:00,1901-10-10 06:00:00,974.73,-35.58,40.53,1901-10-09 00:00:00,1010.36,-42.7,28.55,1901-10-16 18:00:00,1009.48,-9.5,44.25,1000.39,-39.96,26.88,1901-10-15 06:00:00,984.17,-21.7,47.01,1901-10-16 00:00:00,999.49,-13.75,44.5
3,TC190202,Mario,0100,A,2,1902-02-03 18:00:00,973.36,-28.79,33.46,1902-02-03 18:00:00,1902-01-30 06:00:00,973.36,-28.79,33.46,1902-01-30 06:00:00,999.74,-63.74,21.55,1902-02-07 06:00:00,997.91,-17.5,54.25,999.74,-63.74,21.55,1902-02-06 12:00:00,991.99,-22.84,47.13,1902-02-07 00:00:00,998.08,-21.25,51.41
4,TC190205,Nicole,0120,A,2,1902-08-17 06:00:00,903.29,-66.04,28.17,1902-08-17 06:00:00,1902-08-12 06:00:00,903.29,-66.04,28.17,1902-08-12 06:00:00,1008.83,-48.02,18.24,1902-08-22 18:00:00,974.72,-20.06,59.97,1008.83,-48.02,18.24,1902-08-20 00:00:00,952.77,-62.46,38.07,1902-08-21 06:00:00,968.29,-49.44,50.48
5,TC190206,Quinn,0124,A,2,1902-09-05 00:00:00,951.82,-53.32,42.13,1902-09-03 18:00:00,1902-08-25 06:00:00,957.33,-65.07,34.07,1902-08-23 18:00:00,1009.22,-28.68,10.98,1902-09-06 18:00:00,977.02,-19.23,58.42,1010.25,-36.41,13.2,1902-09-04 12:00:00,971.3,-59.24,38.07,1902-09-05 18:00:00,972.26,-39.48,53.67
6,TC190305,Christine,0168,A,2,1903-07-15 06:00:00,931.32,-85.46,27.45,1903-07-15 06:00:00,1903-07-10 06:00:00,931.32,-85.46,27.45,1903-07-10 06:00:00,1011.27,-66.5,21.44,1903-07-20 06:00:00,999.48,-57.0,51.5,1011.27,-66.5,21.44,1903-07-19 12:00:00,1002.83,-68.32,42.57,1903-07-19 18:00:00,1002.24,-65.41,44.01
7,TC190307,Elyse,0171,A,2,1903-08-13 12:00:00,990.45,-53.0,44.0,1903-08-12 12:00:00,1903-08-07 00:00:00,991.47,-67.76,39.2,1903-08-07 00:00:00,1011.2,-80.63,30.48,1903-08-13 12:00:00,990.45,-53.0,44.0,1011.2,-80.63,30.48,1903-08-12 18:00:00,993.38,-64.75,39.75,1903-08-13 06:00:00,991.7,-56.25,42.5
8,TC190309,Hope,0175,A,2,1903-09-08 00:00:00,929.66,-77.98,30.55,1903-09-08 00:00:00,1903-09-01 12:00:00,929.66,-77.98,30.55,1903-09-01 12:00:00,1009.29,-58.77,21.05,1903-09-15 18:00:00,979.91,-58.77,57.7,1009.29,-58.77,21.05,1903-09-10 00:00:00,946.7,-77.42,33.15,1903-09-13 18:00:00,973.9,-59.62,48.55
9,TC190312,Jacob,0183,A,2,1903-10-20 00:00:00,939.47,-46.4,38.62,1903-10-19 06:00:00,1903-10-09 12:00:00,941.52,-48.35,35.79,1903-10-09 12:00:00,1007.71,-62.01,18.82,1903-10-22 18:00:00,992.77,-39.65,59.29,1007.71,-62.01,18.82,1903-10-19 12:00:00,940.99,-47.8,36.57,1903-10-21 18:00:00,966.39,-45.69,50.38
10,TC190408,Nicholas,0232,A,2,1904-08-07 00:00:00,987.25,-11.5,51.0,1904-08-03 00:00:00,1904-07-29 06:00:00,987.44,-54.84,36.34,1904-07-29 06:00:00,1008.09,-65.63,34.42,1904-08-08 00:00:00,1003.91,7.5,50.25,1008.09,-65.63,34.42,1904-08-05 06:00:00,1002.53,-42.21,45.36,1904-08-06 00:00:00,1004.74,-30.75,48.25
11,TC190410,Samson,0236,A,2,1904-08-25 00:00:00,933.71,-60.72,27.57,1904-08-25 00:00:00,1904-08-18 12:00:00,933.71,-60.72,27.57,1904-08-18 12:00:00,1010.19,-45.43,16.94,1904-08-29 12:00:00,954.91,-17.75,55.0,1010.19,-45.43,16.94,1904-08-27 00:00:00,938.56,-58.19,37.45,1904-08-28 00:00:00,970.64,-51.61,48.33
12,TC190412,Tiffany,0239,A,2,1904-09-09 18:00:00,960.45,-47.21,39.94,1904-09-09 06:00:00,1904-09-06 06:00:00,960.48,-48.57,37.1,1904-09-06 06:00:00,1010.86,-44.27,30.63,1904-09-13 06:00:00,969.9,-5.25,54.0,1010.86,-44.27,30.63,1904-09-09 18:00:00,960.45,-47.21,39.94,1904-09-11 18:00:00,993.16,-25.75,45.25
13,TC190509,Frances,0288,A,2,1905-09-10 00:00:00,922.7,-61.74,30.53,1905-09-10 00:00:00,1905-09-03 00:00:00,922.7,-61.74,30.53,1905-09-02 12:00:00,1012.93,-40.88,14.27,1905-09-17 06:00:00,1012.35,-15.25,42.0,1012.53,-44.46,16.18,1905-09-12 18:00:00,950.96,-55.67,44.13,1905-09-13 12:00:00,974.4,-43.67,47.6
14,TC190512,Keith,0293,A,2,1905-09-26 18:00:00,952.67,-60.77,42.1,1905-09-26 18:00:00,1905-09-25 00:00:00,952.67,-60.77,42.1,1905-09-25 00:00:00,1003.51,-63.88,35.84,1905-09-28 12:00:00,1011.74,-45.89,52.59,1003.51,-63.88,35.84,1905-09-27 06:00:00,965.05,-57.53,45.95,1905-09-27 12:00:00,982.18,-55.53,47.71
15,TC190513,Lily,0296,A,2,1905-10-09 18:00:00,976.88,-28.99,13.73,1905-10-09 18:00:00,1905-10-08 00:00:00,976.88,-28.99,13.73,1905-10-08 00:00:00,1002.34,-30.35,13.17,1905-10-16 18:00:00,995.2,-13.16,30.25,1002.34,-30.35,13.17,1905-10-15 06:00:00,996.15,-26.75,24.24,1905-10-16 06:00:00,996.71,-19.31,26.76
16,TC190610,Wendy,0343,A,2,1906-08-30 00:00:00,939.55,-60.98,36.16,1906-08-29 06:00:00,1906-08-25 00:00:00,967.22,-63.24,32.63,1906-08-25 00:00:00,1012.42,-70.33,22.86,1906-09-03 00:00:00,1012.4,-37.76,45.35,1012.42,-70.33,22.86,1906-08-29 12:00:00,954.41,-62.63,33.58,1906-09-01 12:00:00,999.01,-49.5,43.4
17,TC190611,Anna,0363,A,2,1906-12-06 18:00:00,969.48,-40.08,41.17,1906-12-06 18:00:00,1906-12-06 00:00:00,969.48,-40.08,41.17,1906-12-06 00:00:00,989.9,-44.13,37.77,1906-12-10 18:00:00,1010.08,-21.25,34.75,989.9,-44.13,37.77,1906-12-09 12:00:00,1001.29,-26.0,37.75,1906-12-09 18:00:00,1002.85,-24.5,36.75
18,TC190706,Esther,0393,A,2,1907-09-25 00:00:00,911.21,-55.21,26.88,1907-09-25 00:00:00,1907-09-13 12:00:00,911.21,-55.21,26.88,1907-09-13 06:00:00,1006.99,-24.19,10.92,1907-09-29 06:00:00,940.91,-30.73,59.98,1007.47,-25.62,10.74,1907-09-26 18:00:00,936.9,-49.55,35.35,1907-09-29 00:00:00,938.74,-30.66,59.37
19,TC190903,Tatiana,0484,A,2,1909-09-04 06:00:00,987.98,-29.84,40.4,1909-09-04 06:00:00,1909-09-01 18:00:00,987.98,-29.84,40.4,1909-09-01 18:00:00,1012.2,-33.15,34.97,1909-09-06 00:00:00,1011.22,-14.75,46.25,1012.2,-33.15,34.97,1909-09-05 00:00:00,993.31,-25.17,43.72,1909-09-05 06:00:00,997.28,-22.65,44.76
20,TC190907,Bella,0497,A,2,1909-11-09 18:00:00,981.6,-14.97,47.44,1909-11-04 12:00:00,1909-10-31 12:00:00,983.18,-45.38,38.16,1909-10-31 12:00:00,1004.04,-69.47,26.1,1909-11-10 18:00:00,989.44,-12.25,57.5,1004.04,-69.47,26.1,1909-11-07 06:00:00,995.95,-32.86,39.66,1909-11-10 00:00:00,985.37,-13.73,48.77
21,TC191001,Carson,0526,A,2,1910-06-17 18:00:00,996.14,-47.24,42.86,1910-06-17 12:00:00,1910-06-12 06:00:00,996.43,-50.39,41.52,1910-06-12 06:00:00,1008.75,-69.21,25.36,1910-06-19 06:00:00,1004.2,-28.75,52.25,1008.75,-69.21,25.36,1910-06-17 18:00:00,996.14,-47.24,42.86,1910-06-18 18:00:00,1001.63,-35.07,48.63
22,TC191003,Dorcas,0537,A,2,1910-08-11 18:00:00,992.32,-65.61,42.12,1910-08-10 18:00:00,1910-08-07 06:00:00,999.92,-75.4,35.95,1910-08-07 06:00:00,1012.79,-80.2,23.44,1910-08-13 18:00:00,1004.35,-34.5,54.75,1012.79,-80.2,23.44,1910-08-11 06:00:00,1000.85,-71.43,38.72,1910-08-12 00:00:00,997.15,-62.17,43.71
23,TC191007,Jana,0543,A,2,1910-09-08 06:00:00,920.24,-52.34,18.11,1910-09-08 06:00:00,1910-09-04 12:00:00,920.24,-52.34,18.11,1910-09-02 00:00:00,1006.85,-13.73,9.68,1910-09-21 12:00:00,998.79,-13.5,55.25,995.94,-29.73,13.64,1910-09-14 00:00:00,974.47,-69.06,37.3,1910-09-21 12:00:00,998.79,-13.5,55.25
24,TC191105,Shirley,0593,A,2,1911-09-15 12:00:00,933.98,-60.47,31.18,1911-09-15 12:00:00,1911-09-05 06:00:00,933.98,-60.47,31.18,1911-09-04 12:00:00,1005.97,-16.22,12.35,1911-09-22 00:00:00,968.72,-17.94,59.9,1005.59,-20.41,13.63,1911-09-16 12:00:00,938.46,-59.01,34.25,1911-09-22 00:00:00,968.72,-17.94,59.9
25,TC191106,Tijjani,0594,A,2,1911-09-10 06:00:00,989.57,-29.75,57.75,1911-09-09 06:00:00,1911-09-07 06:00:00,999.4,-35.43,44.54,1911-09-07 06:00:00,1011.39,-39.11,37.88,1911-09-10 06:00:00,989.57,-29.75,57.75,1011.39,-39.11,37.88,1911-09-09 12:00:00,997.31,-34.41,46.83,1911-09-09 18:00:00,995.54,-33.5,50.0
26,TC191108,Alissa,0598,A,2,1911-09-28 18:00:00,982.21,-57.8,40.41,1911-09-28 12:00:00,1911-09-25 12:00:00,984.66,-59.6,38.54,1911-09-25 12:00:00,1012.18,-60.25,29.79,1911-10-01 06:00:00,1011.58,-23.0,47.75,1012.18,-60.25,29.79,1911-09-28 18:00:00,982.21,-57.8,40.41,1911-09-30 00:00:00,1001.44,-44.75,46.25
27,TC191308,Luca,0683,A,2,1913-10-23 00:00:00,947.95,-52.23,29.92,1913-10-23 00:00:00,1913-10-17 00:00:00,947.95,-52.23,29.92,1913-10-17 00:00:00,1009.01,-40.61,27.43,1913-10-27 18:00:00,991.81,-48.01,54.21,1009.01,-40.61,27.43,1913-10-26 18:00:00,961.02,-59.27,43.59,1913-10-27 06:00:00,984.91,-54.63,49.03
28,TC191402,Mary,0711,A,2,1914-07-20 12:00:00,975.88,-67.01,38.69,1914-07-20 12:00:00,1914-07-18 00:00:00,975.88,-67.01,38.69,1914-07-18 00:00:00,1011.24,-71.39,35.93,1914-07-23 18:00:00,1003.87,-32.75,55.0,1011.24,-71.39,35.93,1914-07-22 18:00:00,1003.72,-51.32,48.77,1914-07-22 18:00:00,1003.72,-51.32,48.77
29,TC191405,Rosita,0725,A,2,1914-10-17 18:00:00,947.58,-54.18,41.82,1914-10-16 12:00:00,1914-10-13 06:00:00,950.29,-60.48,30.54,1914-10-13 06:00:00,997.45,-51.96,15.77,1914-10-19 00:00:00,974.56,-44.46,59.44,997.45,-51.96,15.77,1914-10-17 00:00:00,955.39,-59.91,34.07,1914-10-18 12:00:00,964.19,-48.8,54.04
30,TC191504,Alberto,0770,A,2,1915-08-19 00:00:00,948.04,-71.84,26.64,1915-08-19 00:00:00,1915-08-12 06:00:00,948.04,-71.84,26.64,1915-08-12 06:00:00,1012.19,-32.39,11.52,1915-08-25 12:00:00,1004.99,-49.0,52.25,1012.19,-32.39,11.52,1915-08-24 06:00:00,992.55,-64.01,48.57,1915-08-24 06:00:00,992.55,-64.01,48.57
31,TC191507,Carlos,0776,A,2,1915-09-23 06:00:00,990.79,-22.24,48.6,1915-09-22 06:00:00,1915-09-17 06:00:00,992.28,-34.74,43.75,1915-09-17 06:00:00,1004.5,-46.49,33.02,1915-09-24 06:00:00,1002.7,-7.75,50.25,1004.5,-46.49,33.02,1915-09-22 12:00:00,993.05,-31.97,44.71,1915-09-23 18:00:00,995.95,-14.44,49.65
32,TC191508,Doreen,0777,A,2,1915-09-27 12:00:00,922.09,-61.88,23.46,1915-09-27 12:00:00,1915-09-19 00:00:00,922.09,-61.88,23.46,1915-09-17 18:00:00,1008.16,-20.37,13.45,1915-10-03 06:00:00,970.07,-37.02,55.55,1007.85,-26.04,13.4,1915-09-30 06:00:00,940.16,-64.84,32.41,1915-10-02 18:00:00,962.64,-44.16,49.95
33,TC191510,Gloria,0780,A,2,1915-10-11 12:00:00,915.35,-59.39,29.99,1915-10-11 12:00:00,1915-09-30 12:00:00,915.35,-59.39,29.99,1915-09-30 12:00:00,1008.85,-16.59,11.9,1915-10-14 06:00:00,948.55,-17.7,59.22,1008.85,-16.59,11.9,1915-10-12 06:00:00,955.27,-56.0,35.85,1915-10-14 06:00:00,948.55,-17.7,59.22
34,TC191513,Jessica,0787,A,2,1915-11-09 00:00:00,981.29,-76.09,16.58,1915-11-09 00:00:00,1915-11-05 06:00:00,981.29,-76.09,16.58,1915-11-04 12:00:00,1004.05,-79.6,9.63,1915-11-13 18:00:00,1006.62,-44.75,33.5,1004.23,-74.63,14.12,1915-11-10 18:00:00,1000.27,-73.59,20.71,1915-11-12 06:00:00,994.92,-62.32,25.6
35,TC191606,Kyle,0827,A,2,1916-10-02 12:00:00,935.35,-53.76,32.0,1916-10-02 12:00:00,1916-09-27 18:00:00,935.35,-53.76,32.0,1916-09-27 18:00:00,1012.64,-44.5,29.75,1916-10-10 06:00:00,1004.09,-40.25,30.25,1012.64,-44.5,29.75,1916-10-08 00:00:00,973.96,-40.49,40.53,1916-10-09 18:00:00,1003.5,-40.25,34.0
36,TC191703,Oxlip,0871,A,2,1917-09-06 12:00:00,970.48,-58.16,40.87,1917-09-06 00:00:00,1917-08-28 00:00:00,990.03,-61.82,37.26,1917-08-28 00:00:00,1012.77,-54.79,23.68,1917-09-07 12:00:00,988.25,-39.75,54.0,1012.77,-54.79,23.68,1917-09-06 06:00:00,985.65,-60.53,38.74,1917-09-07 06:00:00,987.12,-45.98,50.32
37,TC191705,Sofiee,0874,A,2,1917-09-18 06:00:00,973.39,-48.26,19.2,1917-09-18 06:00:00,1917-09-11 00:00:00,973.39,-48.26,19.2,1917-09-11 00:00:00,1006.32,-23.87,9.27,1917-09-22 06:00:00,985.32,-17.75,43.75,1006.32,-23.87,9.27,1917-09-20 12:00:00,988.53,-43.62,27.46,1917-09-22 00:00:00,992.07,-22.0,41.0
38,TC191709,Yan,0886,A,2,1917-10-27 12:00:00,947.13,-72.45,28.74,1917-10-27 12:00:00,1917-10-23 00:00:00,947.13,-72.45,28.74,1917-10-23 00:00:00,1007.83,-62.67,22.15,1917-10-31 06:00:00,1012.53,-40.75,41.0,1007.83,-62.67,22.15,1917-10-28 00:00:00,950.47,-71.72,30.4,1917-10-30 00:00:00,997.15,-56.25,38.75
39,TC191807,Ivanka,0923,A,2,1918-10-08 00:00:00,887.03,-82.97,18.23,1918-10-08 00:00:00,1918-09-28 00:00:00,887.03,-82.97,18.23,1918-09-27 18:00:00,1006.82,-26.76,11.37,1918-10-12 12:00:00,991.01,-56.0,42.25,1008.65,-28.14,11.0,1918-10-09 00:00:00,919.28,-81.29,23.24,1918-10-12 00:00:00,985.49,-66.29,39.47
40,TC191905,Sunny,0970,A,2,1919-06-10 06:00:00,988.9,-43.46,29.55,1919-06-09 18:00:00,1919-06-07 12:00:00,995.09,-50.42,28.43,1919-06-07 12:00:00,1006.2,-67.4,23.55,1919-06-13 00:00:00,1005.69,-32.0,51.75,1006.2,-67.4,23.55,1919-06-10 00:00:00,992.16,-47.17,28.95,1919-06-11 06:00:00,996.33,-32.65,34.37
41,TC191914,Gwyneth,0994,A,2,1919-10-10 06:00:00,936.37,-67.02,42.07,1919-10-08 06:00:00,1919-10-03 18:00:00,984.69,-72.58,28.91,1919-10-02 00:00:00,1004.43,-77.98,13.13,1919-10-12 00:00:00,971.37,-67.83,54.46,1002.58,-79.93,14.43,1919-10-08 12:00:00,978.38,-71.91,30.28,1919-10-10 12:00:00,949.84,-65.02,43.94
42,TC192105,Dylan,1094,A,2,1921-09-22 18:00:00,984.54,-66.12,35.05,1921-09-22 18:00:00,1921-09-10 06:00:00,984.54,-66.12,35.05,1921-09-09 12:00:00,1010.73,-32.56,11.23,1921-09-25 06:00:00,1010.67,-39.25,52.25,1010.01,-36.59,11.07,1921-09-23 12:00:00,986.74,-61.96,41.81,1921-09-24 06:00:00,1004.68,-53.25,48.25
43,TC192208,Luigi,1151,A,2,1922-10-19 12:00:00,955.72,-54.16,42.2,1922-10-18 12:00:00,1922-10-14 18:00:00,973.74,-62.66,37.73,1922-10-14 18:00:00,1012.74,-61.03,37.01,1922-10-20 18:00:00,976.95,-25.25,57.25,1012.74,-61.03,37.01,1922-10-18 18:00:00,969.23,-61.11,38.47,1922-10-20 06:00:00,974.31,-40.1,49.25
44,TC192210,Michelle,1154,A,2,1922-11-06 00:00:00,972.12,-78.59,17.8,1922-11-06 00:00:00,1922-10-31 12:00:00,972.12,-78.59,17.8,1922-10-30 18:00:00,1006.29,-77.15,8.57,1922-11-13 06:00:00,1000.28,-56.0,33.5,1005.61,-77.17,10.48,1922-11-11 12:00:00,997.51,-65.28,25.69,1922-11-12 06:00:00,998.19,-61.75,27.25
45,TC192307,Sergio,1188,A,2,1923-08-26 18:00:00,975.36,-62.95,40.72,1923-08-26 06:00:00,1923-08-21 12:00:00,975.69,-67.22,37.67,1923-08-21 12:00:00,1011.18,-77.89,25.86,1923-08-28 00:00:00,992.44,-59.35,48.27,1011.18,-77.89,25.86,1923-08-26 12:00:00,976.14,-65.2,39.13,1923-08-27 18:00:00,990.92,-58.8,46.99
46,TC192309,Zack,1190,A,2,1923-09-25 18:00:00,937.48,-30.6,59.85,1923-09-23 12:00:00,1923-09-15 00:00:00,943.83,-49.45,37.59,1923-09-14 06:00:00,996.76,-16.35,11.68,1923-09-25 18:00:00,937.48,-30.6,59.85,982.95,-21.43,13.02,1923-09-23 18:00:00,942.17,-48.44,39.76,1923-09-25 12:00:00,939.55,-30.66,59.37
47,TC192312,Colin,1197,A,2,1923-10-13 18:00:00,942.84,-23.87,54.92,1923-10-10 18:00:00,1923-10-05 00:00:00,956.75,-55.75,39.93,1923-10-05 00:00:00,1003.56,-66.22,26.03,1923-10-14 06:00:00,950.01,-13.73,58.1,1003.56,-66.22,26.03,1923-10-11 00:00:00,953.03,-54.06,40.58,1923-10-13 18:00:00,942.84,-23.87,54.92
48,TC192314,Ernest,1205,A,2,1923-11-25 06:00:00,953.02,-35.78,51.84,1923-11-21 06:00:00,1923-11-19 18:00:00,958.11,-54.3,42.38,1923-11-19 18:00:00,968.57,-68.29,38.91,1923-11-26 06:00:00,963.27,-24.5,54.25,968.57,-68.29,38.91,1923-11-22 06:00:00,967.93,-48.02,42.85,1923-11-26 06:00:00,963.27,-24.5,54.25
49,TC192410,Mario,1247,A,2,1924-09-24 06:00:00,942.58,-45.31,32.65,1924-09-24 06:00:00,1924-09-17 18:00:00,942.58,-45.31,32.65,1924-09-17 18:00:00,1007.91,-18.53,15.39,1924-09-27 00:00:00,983.24,-29.19,57.07,1007.91,-18.53,15.39,1924-09-24 12:00:00,949.81,-44.61,34.48,1924-09-27 00:00:00,983.24,-29.19,57.07
50,TC192413,Stephanie,1257,A,2,1924-10-26 18:00:00,924.72,-66.6,23.39,1924-10-26 18:00:00,1924-10-19 06:00:00,924.72,-66.6,23.39,1924-10-18 12:00:00,1006.28,-28.09,8.93,1924-11-01 18:00:00,986.9,-24.59,44.25,1007.18,-32.4,10.15,1924-10-27 18:00:00,945.71,-65.35,24.37,1924-11-01 00:00:00,973.36,-39.69,46.23
51,TC192502,Winnie,1283,A,2,1925-08-13 06:00:00,943.45,-49.91,25.33,1925-08-13 06:00:00,1925-08-08 06:00:00,943.45,-49.91,25.33,1925-08-04 00:00:00,1011.27,-26.46,7.83,1925-08-19 12:00:00,994.22,-20.5,54.75,995.37,-33.92,13.82,1925-08-16 12:00:00,952.42,-49.06,41.15,1925-08-18 12:00:00,988.18,-28.62,52.0
52,TC192506,Brandon,1288,A,2,1925-09-17 06:00:00,959.18,-48.63,40.06,1925-09-17 06:00:00,1925-09-07 12:00:00,959.18,-48.63,40.06,1925-09-07 12:00:00,1007.95,-41.12,13.49,1925-09-23 18:00:00,1008.43,-19.75,48.25,1007.95,-41.12,13.49,1925-09-22 00:00:00,1000.65,-28.75,50.75,1925-09-22 06:00:00,1001.75,-27.25,50.75
53,TC192507,Christine,1289,A,2,1925-10-14 06:00:00,939.76,-57.23,41.86,1925-10-04 06:00:00,1925-09-25 12:00:00,957.21,-56.74,22.72,1925-09-25 12:00:00,1008.43,-26.96,12.05,1925-10-16 00:00:00,999.53,-49.42,58.67,1008.43,-26.96,12.05,1925-10-10 06:00:00,983.22,-65.78,25.4,1925-10-15 00:00:00,967.75,-52.43,51.05
54,TC192607,Katrina,1347,A,2,1926-10-04 06:00:00,967.24,-72.38,31.57,1926-10-04 06:00:00,1926-09-29 12:00:00,967.24,-72.38,31.57,1926-09-29 12:00:00,1000.76,-78.58,17.31,1926-10-08 18:00:00,996.12,-76.19,45.51,1000.76,-78.58,17.31,1926-10-07 06:00:00,979.17,-73.86,40.1,1926-10-07 12:00:00,986.12,-74.56,41.6
55,TC192802,Andy,1416,A,2,1928-02-05 06:00:00,998.09,-35.19,36.46,1928-02-05 06:00:00,1928-02-03 06:00:00,998.09,-35.19,36.46,1928-02-03 06:00:00,1011.39,-37.32,38.34,1928-02-07 12:00:00,1006.9,-16.25,41.5,1011.39,-37.32,38.34,1928-02-06 00:00:00,999.63,-31.01,38.29,1928-02-06 06:00:00,999.02,-28.74,38.72
56,TC192805,Demi,1441,A,2,1928-09-07 00:00:00,980.43,-49.24,32.21,1928-09-07 00:00:00,1928-08-31 06:00:00,980.43,-49.24,32.21,1928-08-29 12:00:00,1010.37,-22.09,13.5,1928-09-09 12:00:00,993.0,-15.0,50.5,1006.0,-30.02,13.87,1928-09-07 06:00:00,984.68,-48.37,33.35,1928-09-08 12:00:00,987.91,-35.17,42.45
57,TC192809,Hubert,1447,A,2,1928-09-22 00:00:00,934.4,-63.31,32.34,1928-09-20 12:00:00,1928-09-15 12:00:00,961.85,-68.34,28.6,1928-09-15 12:00:00,1012.15,-65.72,26.32,1928-09-27 18:00:00,989.96,-43.0,53.5,1012.15,-65.72,26.32,1928-09-21 06:00:00,961.07,-66.39,30.4,1928-09-27 00:00:00,1001.36,-41.0,47.0
58,TC193002,Shannon,0027,B,2,1930-08-14 06:00:00,887.54,-70.56,27.22,1930-08-14 06:00:00,1930-08-09 06:00:00,887.54,-70.56,27.22,1930-08-09 06:00:00,1006.0,-41.87,12.78,1930-08-20 12:00:00,995.22,-54.32,55.53,1006.0,-41.87,12.78,1930-08-19 00:00:00,983.87,-61.04,53.13,1930-08-19 12:00:00,988.97,-59.94,54.78
59,TC193003,Thomas,0029,B,2,1930-09-19 12:00:00,934.83,-70.67,39.42,1930-09-15 18:00:00,1930-09-10 00:00:00,943.73,-77.15,24.55,1930-09-10 00:00:00,1012.26,-33.72,12.32,1930-09-22 18:00:00,982.39,-48.13,56.11,1012.26,-33.72,12.32,1930-09-18 00:00:00,952.06,-77.17,31.14,1930-09-20 12:00:00,979.68,-62.68,47.61
60,TC193004,Wendy,0046,B,2,1930-11-04 00:00:00,948.88,-91.58,20.7,1930-11-04 00:00:00,1930-10-29 06:00:00,948.88,-91.58,20.7,1930-10-29 06:00:00,1007.17,-82.96,19.14,1930-11-09 06:00:00,1007.87,-24.0,44.75,1007.17,-82.96,19.14,1930-11-05 12:00:00,954.74,-87.08,27.0,1930-11-06 12:00:00,992.74,-74.44,30.88
61,TC193105,Esther,0089,B,2,1931-09-24 00:00:00,913.33,-60.97,29.81,1931-09-24 00:00:00,1931-09-12 12:00:00,913.33,-60.97,29.81,1931-09-11 18:00:00,1006.33,-18.17,13.59,1931-10-01 00:00:00,970.46,-37.11,57.94,1004.28,-23.57,13.44,1931-09-27 12:00:00,953.76,-53.37,39.19,1931-09-30 18:00:00,970.25,-38.77,55.68
62,TC193106,Frank,0090,B,2,1931-09-22 12:00:00,988.8,-74.39,39.5,1931-09-21 18:00:00,1931-09-19 06:00:00,994.66,-79.34,34.42,1931-09-19 06:00:00,1008.53,-78.71,26.19,1931-09-23 18:00:00,1007.97,-57.75,48.0,1008.53,-78.71,26.19,1931-09-22 00:00:00,993.69,-78.47,35.78,1931-09-22 18:00:00,991.98,-71.2,41.68
63,TC193205,Nathan,0133,B,2,1932-08-09 00:00:00,937.59,-71.89,30.96,1932-08-09 00:00:00,1932-07-31 06:00:00,937.59,-71.89,30.96,1932-07-31 06:00:00,1012.44,-39.55,16.66,1932-08-12 00:00:00,996.02,-36.25,54.0,1012.44,-39.55,16.66,1932-08-09 18:00:00,937.69,-68.53,35.77,1932-08-11 06:00:00,989.14,-55.91,49.81
64,TC193303,Wilson,0182,B,2,1933-06-08 12:00:00,963.85,-52.67,36.61,1933-06-08 12:00:00,1933-05-31 06:00:00,963.85,-52.67,36.61,1933-05-31 06:00:00,1007.01,-69.62,28.97,1933-06-10 18:00:00,1012.75,-34.5,50.5,1007.01,-69.62,28.97,1933-06-09 12:00:00,987.58,-46.5,41.73,1933-06-10 00:00:00,1002.57,-42.68,44.83
65,TC193306,Bella,0191,B,2,1933-08-31 18:00:00,919.77,-63.84,32.06,1933-08-31 18:00:00,1933-08-26 18:00:00,919.77,-63.84,32.06,1933-08-26 12:00:00,1010.7,-50.51,14.19,1933-09-09 12:00:00,973.73,-17.06,52.59,1009.69,-52.19,14.58,1933-09-02 00:00:00,944.63,-62.08,35.62,1933-09-09 12:00:00,973.73,-17.06,52.59
66,TC193307,Carson,0201,B,2,1933-11-19 12:00:00,987.84,-37.11,46.19,1933-11-18 12:00:00,1933-11-16 00:00:00,990.79,-49.67,35.08,1933-11-16 00:00:00,1008.56,-53.4,30.24,1933-11-19 18:00:00,993.65,-31.25,51.0,1008.56,-53.4,30.24,1933-11-18 18:00:00,991.45,-47.91,36.75,1933-11-19 00:00:00,994.35,-45.24,39.2
67,TC193406,Grace,0239,B,2,1934-09-09 06:00:00,930.07,-50.7,27.25,1934-09-09 06:00:00,1934-08-31 06:00:00,930.07,-50.7,27.25,1934-08-31 06:00:00,1003.82,-18.96,15.43,1934-09-15 18:00:00,980.3,-1.75,56.5,1003.82,-18.96,15.43,1934-09-11 12:00:00,951.4,-53.53,37.47,1934-09-15 00:00:00,971.99,-16.23,50.35
68,TC193503,Kevin,0267,B,2,1935-06-03 00:00:00,926.29,-83.44,26.25,1935-06-03 00:00:00,1935-05-27 18:00:00,926.29,-83.44,26.25,1935-05-27 18:00:00,1004.33,-86.52,20.72,1935-06-10 18:00:00,991.53,-1.5,50.25,1004.33,-86.52,20.72,1935-06-04 12:00:00,955.13,-76.67,31.76,1935-06-09 00:00:00,986.18,-36.37,45.4
69,TC193510,Olivia,0288,B,2,1935-09-25 18:00:00,969.88,-58.33,31.37,1935-09-25 18:00:00,1935-09-19 00:00:00,969.88,-58.33,31.37,1935-09-19 00:00:00,1010.93,-43.73,24.42,1935-09-29 18:00:00,1000.46,-48.75,49.5,1010.93,-43.73,24.42,1935-09-29 00:00:00,998.3,-56.5,41.75,1935-09-29 06:00:00,999.23,-55.0,44.0
70,TC193607,Benjamin,0335,B,2,1936-09-07 06:00:00,936.34,-56.0,29.29,1936-09-07 06:00:00,1936-09-01 06:00:00,936.34,-56.0,29.29,1936-09-01 06:00:00,1004.8,-16.59,11.9,1936-09-10 12:00:00,996.65,-41.07,53.63,1004.8,-16.59,11.9,1936-09-09 12:00:00,956.8,-56.62,42.1,1936-09-10 06:00:00,994.07,-46.11,50.49
71,TC193611,Emily,0344,B,2,1936-10-14 12:00:00,930.56,-71.98,28.13,1936-10-14 12:00:00,1936-10-10 00:00:00,930.56,-71.98,28.13,1936-10-10 00:00:00,1008.48,-69.67,23.28,1936-10-20 18:00:00,980.17,-62.5,51.75,1008.48,-69.67,23.28,1936-10-19 06:00:00,995.34,-72.7,38.9,1936-10-19 06:00:00,995.34,-72.7,38.9
72,TC193710,Ollie,0392,B,2,1937-09-17 12:00:00,950.29,-58.57,38.99,1937-09-17 12:00:00,1937-09-08 18:00:00,950.29,-58.57,38.99,1937-09-08 18:00:00,1004.63,-28.29,11.49,1937-09-18 18:00:00,991.07,-50.22,52.4,1004.63,-28.29,11.49,1937-09-18 06:00:00,975.14,-54.44,47.83,1937-09-18 18:00:00,991.07,-50.22,52.4
73,TC193804,Blaise,0437,B,2,1938-10-04 18:00:00,970.06,-60.48,30.54,1938-10-04 18:00:00,1938-09-23 00:00:00,970.06,-60.48,30.54,1938-09-23 00:00:00,1004.12,-18.48,11.51,1938-10-08 06:00:00,1004.15,-9.5,51.0,1004.12,-18.48,11.51,1938-10-05 18:00:00,987.69,-55.22,34.26,1938-10-07 06:00:00,991.82,-35.25,46.75
74,TC193903,Emiliano,0480,B,2,1939-09-21 18:00:00,965.5,-24.63,48.14,1939-09-20 12:00:00,1939-09-16 18:00:00,971.05,-28.39,40.45,1939-09-15 06:00:00,1009.5,-34.76,39.98,1939-09-22 18:00:00,970.78,-22.66,58.1,1001.8,-39.47,35.1,1939-09-20 18:00:00,968.77,-27.63,41.92,1939-09-22 18:00:00,970.78,-22.66,58.1
75,TC193904,Gloria,0483,B,2,1939-10-06 18:00:00,937.54,-37.97,38.18,1939-10-05 18:00:00,1939-09-25 12:00:00,937.68,-38.85,32.66,1939-09-25 12:00:00,1008.95,-5.43,13.82,1939-10-10 00:00:00,964.92,2.06,58.92,1008.95,-5.43,13.82,1939-10-06 06:00:00,940.31,-38.7,34.98,1939-10-08 18:00:00,947.52,-16.07,55.77
76,TC194005,Manfred,0528,B,2,1940-08-07 18:00:00,920.17,-79.15,25.85,1940-08-07 18:00:00,1940-07-31 00:00:00,920.17,-79.15,25.85,1940-07-31 00:00:00,1006.87,-35.33,12.42,1940-08-17 18:00:00,1010.14,-53.75,48.25,1006.87,-35.33,12.42,1940-08-15 06:00:00,997.55,-69.82,40.58,1940-08-17 00:00:00,1001.96,-62.0,47.75
77,TC194007,Oxlip,0531,B,2,1940-08-26 12:00:00,950.67,-72.8,29.18,1940-08-26 12:00:00,1940-08-18 00:00:00,950.67,-72.8,29.18,1940-08-15 12:00:00,1010.13,-29.75,11.68,1940-09-03 06:00:00,977.18,-40.63,56.15,1009.66,-43.74,14.63,1940-09-01 00:00:00,968.91,-57.86,44.99,1940-09-01 12:00:00,971.99,-51.13,50.61
78,TC194008,Rodri,0535,B,2,1940-09-10 06:00:00,970.77,-52.79,42.91,1940-09-08 12:00:00,1940-08-28 06:00:00,971.48,-67.88,27.98,1940-08-28 06:00:00,1008.74,-14.2,10.47,1940-09-11 06:00:00,983.04,-32.4,54.41,1008.74,-14.2,10.47,1940-09-09 18:00:00,975.47,-60.53,38.74,1940-09-11 00:00:00,983.11,-38.13,51.21
79,TC194013,Bernardo,0541,B,2,1940-09-27 06:00:00,987.43,-80.05,32.9,1940-09-27 06:00:00,1940-09-23 06:00:00,987.43,-80.05,32.9,1940-09-23 06:00:00,1000.91,-78.99,19.29,1940-09-28 12:00:00,995.84,-68.75,40.0,1000.91,-78.99,19.29,1940-09-27 12:00:00,993.47,-79.19,34.26,1940-09-28 00:00:00,995.21,-75.44,37.16
80,TC194016,Derrick,0545,B,2,1940-10-16 06:00:00,950.15,-38.38,27.99,1940-10-16 06:00:00,1940-10-11 00:00:00,950.15,-38.38,27.99,1940-10-11 00:00:00,1000.93,-33.4,30.84,1940-10-21 12:00:00,986.86,-31.15,51.63,1000.93,-33.4,30.84,1940-10-20 06:00:00,983.08,-31.86,49.71,1940-10-20 12:00:00,986.55,-26.53,51.93
81,TC194210,Melody,0653,B,2,1942-12-13 18:00:00,955.46,-48.69,29.52,1942-12-13 18:00:00,1942-12-11 12:00:00,955.46,-48.69,29.52,1942-12-11 12:00:00,990.49,-53.44,24.56,1942-12-16 12:00:00,980.12,-23.79,59.69,990.49,-53.44,24.56,1942-12-15 00:00:00,961.14,-46.49,43.85,1942-12-15 12:00:00,970.7,-44.45,49.89
82,TC194303,Rachel,0679,B,2,1943-09-01 18:00:00,894.09,-66.8,20.87,1943-09-01 18:00:00,1943-08-26 00:00:00,894.09,-66.8,20.87,1943-08-25 00:00:00,1008.81,-30.72,12.24,1943-09-09 12:00:00,971.93,-46.75,54.75,1008.79,-34.42,13.04,1943-09-05 18:00:00,932.19,-71.04,31.75,1943-09-08 18:00:00,968.71,-51.01,50.86
83,TC194306,Victoria,0686,B,2,1943-10-26 06:00:00,962.41,-65.46,37.21,1943-10-25 00:00:00,1943-10-20 12:00:00,984.31,-69.18,27.43,1943-10-20 12:00:00,1006.27,-52.83,14.38,1943-10-28 12:00:00,993.4,-40.0,48.75,1006.27,-52.83,14.38,1943-10-25 06:00:00,982.05,-68.27,28.89,1943-10-27 12:00:00,975.88,-57.78,45.86
84,TC194308,Antoine,0692,B,2,1943-11-18 00:00:00,966.64,-33.4,40.26,1943-11-18 00:00:00,1943-11-13 12:00:00,966.64,-33.4,40.26,1943-11-12 06:00:00,998.16,-51.88,40.56,1943-11-20 06:00:00,988.69,-10.75,41.75,995.49,-52.37,37.51,1943-11-19 18:00:00,984.46,-18.11,39.45,1943-11-20 00:00:00,987.29,-14.25,40.58
85,TC194409,Gwyneth,0732,B,2,1944-09-03 12:00:00,987.08,-72.7,30.69,1944-09-03 12:00:00,1944-08-29 12:00:00,987.08,-72.7,30.69,1944-08-29 12:00:00,1009.38,-58.69,19.38,1944-09-11 00:00:00,990.07,-30.13,48.54,1009.38,-58.69,19.38,1944-09-09 00:00:00,995.05,-60.42,35.8,1944-09-09 12:00:00,988.85,-54.69,33.88
86,TC194410,Isaac,0735,B,2,1944-09-21 06:00:00,915.01,-53.45,21.79,1944-09-21 06:00:00,1944-09-17 00:00:00,915.01,-53.45,21.79,1944-09-15 18:00:00,1006.74,-15.17,18.8,1944-09-26 18:00:00,982.89,-59.32,57.02,1002.94,-22.51,17.51,1944-09-24 00:00:00,947.81,-61.05,35.25,1944-09-26 06:00:00,974.7,-61.41,52.62
87,TC194503,Micah,0775,B,2,1945-07-30 18:00:00,967.64,-62.27,39.92,1945-07-30 18:00:00,1945-07-27 00:00:00,967.64,-62.27,39.92,1945-07-27 00:00:00,1004.48,-68.16,26.01,1945-08-02 06:00:00,992.65,-32.07,57.98,1004.48,-68.16,26.01,1945-08-01 06:00:00,986.45,-45.0,51.07,1945-08-01 18:00:00,991.62,-38.08,55.24
88,TC194601,Zoe,0808,B,2,1946-01-20 18:00:00,990.02,-35.75,41.5,1946-01-19 18:00:00,1946-01-17 12:00:00,997.29,-43.09,33.98,1946-01-17 12:00:00,1008.62,-42.49,29.47,1946-01-20 18:00:00,990.02,-35.75,41.5,1008.62,-42.49,29.47,1946-01-20 00:00:00,995.21,-42.17,35.48,1946-01-20 06:00:00,993.85,-40.79,36.66
89,TC194608,Dylan,0846,B,2,1946-09-22 18:00:00,934.21,-44.97,30.15,1946-09-22 18:00:00,1946-09-14 18:00:00,934.21,-44.97,30.15,1946-09-13 00:00:00,1006.6,-15.34,11.22,1946-09-26 06:00:00,1008.17,-5.75,39.25,1005.18,-25.73,15.78,1946-09-23 12:00:00,962.58,-36.36,31.89,1946-09-25 06:00:00,994.21,-16.25,35.0
90,TC194805,Phil,0952,B,2,1948-09-20 12:00:00,941.05,-44.34,20.11,1948-09-20 12:00:00,1948-09-12 00:00:00,941.05,-44.34,20.11,1948-09-11 00:00:00,1006.9,-19.99,11.57,1948-09-28 18:00:00,953.51,-13.94,59.9,1009.52,-25.15,11.71,1948-09-26 06:00:00,970.25,-35.37,41.29,1948-09-28 00:00:00,942.16,-20.47,56.59
91,TC195003,Harrison,1046,B,2,1950-08-17 06:00:00,950.86,-65.97,34.48,1950-08-17 06:00:00,1950-08-12 18:00:00,950.86,-65.97,34.48,1950-08-12 18:00:00,1008.43,-57.93,22.73,1950-08-19 12:00:00,991.67,-51.0,52.0,1008.43,-57.93,22.73,1950-08-17 12:00:00,951.21,-65.89,36.07,1950-08-18 18:00:00,987.36,-62.55,45.92
92,TC195004,Janet,1047,B,2,1950-09-07 06:00:00,960.13,-50.67,37.15,1950-09-06 12:00:00,1950-08-23 06:00:00,962.47,-56.92,35.68,1950-08-23 06:00:00,1002.72,-26.4,9.42,1950-09-10 12:00:00,991.02,-14.25,56.5,1002.72,-26.4,9.42,1950-09-06 18:00:00,960.99,-54.84,36.34,1950-09-10 00:00:00,988.46,-24.57,50.88
93,TC195006,Lydia,1051,B,2,1950-09-12 06:00:00,940.87,-52.43,28.16,1950-09-12 06:00:00,1950-09-05 06:00:00,940.87,-52.43,28.16,1950-09-05 06:00:00,1006.24,-28.5,17.2,1950-09-21 00:00:00,975.42,-13.25,54.5,1006.24,-28.5,17.2,1950-09-17 12:00:00,969.86,-49.94,40.86,1950-09-20 18:00:00,974.02,-14.0,52.0
94,TC195008,Nicole,1054,B,2,1950-10-08 18:00:00,948.26,-57.85,39.06,1950-10-08 18:00:00,1950-10-03 00:00:00,948.26,-57.85,39.06,1950-10-03 00:00:00,1009.37,-60.58,21.81,1950-10-12 00:00:00,999.72,-34.5,43.25,1009.37,-60.58,21.81,1950-10-10 00:00:00,978.26,-54.97,47.07,1950-10-10 06:00:00,989.46,-53.26,47.84
95,TC195203,David,1132,B,2,1952-05-27 06:00:00,985.43,-57.25,43.75,1952-05-22 00:00:00,1952-05-19 06:00:00,992.7,-83.4,28.23,1952-05-19 06:00:00,1003.9,-80.28,21.94,1952-05-27 06:00:00,985.43,-57.25,43.75,1003.9,-80.28,21.94,1952-05-25 18:00:00,1002.11,-74.5,38.47,1952-05-26 06:00:00,1000.09,-69.99,39.56
96,TC195206,Frederick,1145,B,2,1952-09-05 00:00:00,990.55,-24.0,48.0,1952-09-03 00:00:00,1952-08-30 18:00:00,992.44,-57.08,44.07,1952-08-30 18:00:00,1012.66,-65.31,29.92,1952-09-05 00:00:00,990.55,-24.0,48.0,1012.66,-65.31,29.92,1952-09-03 12:00:00,997.81,-51.89,47.23,1952-09-04 00:00:00,997.93,-44.12,48.25
97,TC195208,Hope,1147,B,2,1952-09-14 18:00:00,908.07,-69.17,28.75,1952-09-14 18:00:00,1952-09-05 00:00:00,908.07,-69.17,28.75,1952-09-04 06:00:00,1005.38,-26.33,11.77,1952-09-19 12:00:00,994.35,-64.11,48.14,1006.12,-32.03,11.9,1952-09-17 00:00:00,923.77,-66.69,37.05,1952-09-19 00:00:00,980.45,-67.8,47.8
98,TC195209,Jacob,1152,B,2,1952-10-09 06:00:00,960.4,-41.57,57.47,1952-10-07 18:00:00,1952-09-29 00:00:00,970.01,-44.82,41.23,1952-09-29 00:00:00,993.34,-58.32,37.62,1952-10-10 00:00:00,965.51,-45.88,59.04,993.34,-58.32,37.62,1952-10-08 00:00:00,967.34,-43.24,43.94,1952-10-09 12:00:00,961.75,-43.55,58.12
99,TC195214,Nicholas,1160,B,2,1952-11-04 12:00:00,948.63,-78.39,23.63,1952-11-04 12:00:00,1952-10-30 00:00:00,948.63,-78.39,23.63,1952-10-29 00:00:00,1006.59,-75.33,12.8,1952-11-09 00:00:00,991.13,-52.56,49.43,1005.48,-75.09,13.81,1952-11-05 12:00:00,975.0,-76.54,28.47,1952-11-08 00:00:00,987.07,-68.46,40.65
100,TC195305,William,1197,B,2,1953-08-21 06:00:00,938.04,-54.74,36.61,1953-08-21 06:00:00,1953-08-08 12:00:00,938.04,-54.74,36.61,1953-08-08 12:00:00,1008.79,-28.75,12.29,1953-08-26 06:00:00,965.06,-5.52,59.89,1008.79,-28.75,12.29,1953-08-23 00:00:00,963.02,-53.12,44.42,1953-08-23 18:00:00,983.61,-45.87,49.03
101,TC195306,Andy,1199,B,2,1953-09-05 00:00:00,945.45,-70.88,36.91,1953-09-05 00:00:00,1953-08-21 00:00:00,945.45,-70.88,36.91,1953-08-21 00:00:00,1006.78,-34.73,10.27,1953-09-07 18:00:00,978.82,-57.98,55.95,1006.78,-34.73,10.27,1953-09-07 00:00:00,979.33,-64.6,47.44,1953-09-07 00:00:00,979.33,-64.6,47.44
102,TC195410,Hubert,1258,B,2,1954-10-15 06:00:00,949.54,-52.55,19.69,1954-10-15 06:00:00,1954-10-09 12:00:00,949.54,-52.55,19.69,1954-10-07 06:00:00,1004.66,-14.48,7.8,1954-10-22 18:00:00,967.66,-47.67,58.76,1008.33,-30.18,10.33,1954-10-22 00:00:00,975.06,-31.79,50.59,1954-10-22 18:00:00,967.66,-47.67,58.76
103,TC195511,Anna,1307,B,2,1955-10-11 06:00:00,987.89,-80.08,20.76,1955-10-11 06:00:00,1955-10-08 18:00:00,987.89,-80.08,20.76,1955-10-08 18:00:00,1006.92,-83.19,13.05,1955-10-14 06:00:00,1003.91,-53.0,49.25,1006.92,-83.19,13.05,1955-10-12 18:00:00,998.37,-70.17,32.3,1955-10-13 00:00:00,1000.1,-68.88,34.91
104,TC195606,Cissy,1348,B,2,1956-08-17 18:00:00,964.32,-56.86,41.4,1956-08-16 12:00:00,1956-08-14 00:00:00,974.01,-64.15,37.88,1956-08-14 00:00:00,1007.95,-76.25,33.01,1956-08-20 12:00:00,988.93,-38.94,58.47,1007.95,-76.25,33.01,1956-08-16 18:00:00,969.5,-62.83,38.53,1956-08-19 12:00:00,986.86,-42.99,49.98
105,TC195607,Dominic,1351,B,2,1956-08-27 12:00:00,932.86,-62.49,39.82,1956-08-27 00:00:00,1956-08-21 06:00:00,936.72,-64.17,36.58,1956-08-21 00:00:00,1008.16,-48.7,16.38,1956-08-30 00:00:00,950.54,-32.95,59.76,1008.4,-49.78,16.59,1956-08-27 06:00:00,937.87,-63.39,38.26,1956-08-29 18:00:00,945.62,-36.32,58.7
106,TC195702,Lomy,1396,B,2,1957-06-17 18:00:00,990.8,-71.9,33.49,1957-06-17 18:00:00,1957-06-13 18:00:00,990.8,-71.9,33.49,1957-06-13 18:00:00,1002.83,-87.67,28.7,1957-06-20 18:00:00,1003.36,-36.75,51.75,1002.83,-87.67,28.7,1957-06-18 18:00:00,992.01,-63.54,35.77,1957-06-19 18:00:00,1000.0,-51.97,41.79
107,TC195703,Mandy,1407,B,2,1957-08-26 00:00:00,931.01,-61.55,34.13,1957-08-26 00:00:00,1957-08-16 18:00:00,931.01,-61.55,34.13,1957-08-15 06:00:00,1011.96,-21.09,12.42,1957-08-30 18:00:00,960.63,-29.5,59.69,1005.44,-28.95,14.3,1957-08-28 18:00:00,972.77,-53.91,46.83,1957-08-29 12:00:00,973.46,-42.83,52.62
108,TC195711,Tatiana,1419,B,2,1957-10-11 00:00:00,927.87,-61.25,31.66,1957-10-11 00:00:00,1957-10-01 12:00:00,927.87,-61.25,31.66,1957-10-01 12:00:00,1005.14,-37.53,15.49,1957-10-15 06:00:00,993.51,-16.25,42.25,1005.14,-37.53,15.49,1957-10-12 18:00:00,947.71,-55.05,43.98,1957-10-13 12:00:00,973.08,-42.05,48.15
109,TC195801,Bella,1446,B,2,1958-03-23 06:00:00,971.78,-39.51,48.84,1958-03-21 12:00:00,1958-03-20 00:00:00,973.04,-44.02,40.68,1958-03-20 00:00:00,983.53,-53.26,39.46,1958-03-24 00:00:00,977.54,-37.63,55.1,983.53,-53.26,39.46,1958-03-22 00:00:00,972.33,-42.15,43.46,1958-03-24 00:00:00,977.54,-37.63,55.1
110,TC195804,Erling,1464,B,2,1958-08-27 18:00:00,934.07,-51.08,36.18,1958-08-27 18:00:00,1958-08-20 06:00:00,934.07,-51.08,36.18,1958-08-20 00:00:00,1006.3,-35.68,15.18,1958-08-29 12:00:00,966.61,-34.87,56.75,1006.91,-35.75,15.65,1958-08-28 00:00:00,939.17,-48.71,38.07,1958-08-29 06:00:00,964.54,-36.72,53.82
111,TC195806,Hendrik,1471,B,2,1958-09-19 18:00:00,943.64,-69.89,31.95,1958-09-19 18:00:00,1958-09-14 18:00:00,943.64,-69.89,31.95,1958-09-14 18:00:00,1010.02,-76.99,26.53,1958-09-23 12:00:00,997.64,-31.75,48.25,1010.02,-76.99,26.53,1958-09-20 00:00:00,961.66,-68.26,33.44,1958-09-22 00:00:00,990.37,-52.0,49.5
112,TC195904,Olivia,1512,B,2,1959-09-07 12:00:00,969.41,-71.89,36.82,1959-09-07 12:00:00,1959-08-29 00:00:00,969.41,-71.89,36.82,1959-08-29 00:00:00,1012.37,-77.0,31.47,1959-09-11 06:00:00,991.63,-55.0,55.0,1012.37,-77.0,31.47,1959-09-09 18:00:00,991.36,-69.25,44.34,1959-09-10 00:00:00,992.59,-68.35,46.88
113,TC195906,Rayan,1520,B,2,1959-10-10 06:00:00,954.47,-56.03,23.07,1959-10-10 06:00:00,1959-10-03 12:00:00,954.47,-56.03,23.07,1959-10-03 12:00:00,1002.49,-15.79,12.61,1959-10-15 00:00:00,998.28,-29.12,43.07,1002.49,-15.79,12.61,1959-10-12 12:00:00,975.1,-50.44,25.1,1959-10-14 12:00:00,995.75,-32.77,34.87
114,TC195908,Tijjani,1525,B,2,1959-11-09 00:00:00,955.54,-85.71,23.34,1959-11-09 00:00:00,1959-11-05 00:00:00,955.54,-85.71,23.34,1959-11-05 00:00:00,1006.01,-78.45,25.58,1959-11-13 00:00:00,1001.4,-80.75,42.25,1006.01,-78.45,25.58,1959-11-09 12:00:00,965.19,-84.27,22.42,1959-11-12 06:00:00,974.77,-72.43,36.23
115,TC196003,Yui,0029,C,2,1960-08-06 12:00:00,944.57,-68.53,35.77,1960-08-06 00:00:00,1960-08-02 18:00:00,950.81,-72.43,31.28,1960-08-02 18:00:00,1006.49,-75.82,21.86,1960-08-09 18:00:00,1008.05,-56.0,51.0,1006.49,-75.82,21.86,1960-08-06 06:00:00,958.21,-70.7,33.3,1960-08-07 18:00:00,994.24,-63.29,50.84
116,TC196005,Alissa,0039,C,2,1960-09-17 18:00:00,938.97,-68.49,31.48,1960-09-17 18:00:00,1960-09-11 18:00:00,938.97,-68.49,31.48,1960-09-11 18:00:00,1007.44,-54.54,19.33,1960-09-25 06:00:00,977.74,-2.75,50.25,1007.44,-54.54,19.33,1960-09-23 06:00:00,989.25,-44.59,48.9,1960-09-23 12:00:00,992.03,-41.18,49.59
117,TC196006,Benjamin,0040,C,2,1960-09-28 18:00:00,951.74,-22.23,54.92,1960-09-26 06:00:00,1960-09-18 12:00:00,954.95,-44.27,30.63,1960-09-18 12:00:00,1005.56,-12.55,8.88,1960-09-29 18:00:00,971.26,-9.85,55.46,1005.56,-12.55,8.88,1960-09-26 12:00:00,952.64,-43.33,32.55,1960-09-29 00:00:00,956.76,-21.17,55.35
118,TC196007,Carmen,0045,C,2,1960-10-14 18:00:00,961.09,-76.8,34.29,1960-10-14 18:00:00,1960-10-12 06:00:00,961.09,-76.8,34.29,1960-10-12 06:00:00,994.45,-79.32,26.41,1960-10-16 00:00:00,1000.31,-69.37,47.31,994.45,-79.32,26.41,1960-10-15 00:00:00,962.27,-75.63,37.04,1960-10-15 18:00:00,995.01,-72.08,44.28
119,TC196102,Emily,0072,C,2,1961-03-22 18:00:00,992.11,-41.73,38.47,1961-03-19 18:00:00,1961-03-19 06:00:00,992.21,-49.55,24.2,1961-03-19 06:00:00,1005.58,-48.44,23.03,1961-03-24 06:00:00,1006.13,-16.5,35.75,1005.58,-48.44,23.03,1961-03-22 06:00:00,994.83,-46.1,37.14,1961-03-23 00:00:00,995.33,-37.88,37.99
120,TC196103,Geoffrey,0091,C,2,1961-09-19 18:00:00,985.21,-67.35,30.34,1961-09-19 06:00:00,1961-09-11 06:00:00,987.52,-69.64,28.05,1961-09-11 06:00:00,1008.1,-35.16,14.09,1961-09-24 06:00:00,1009.45,-36.0,40.5,1008.1,-35.16,14.09,1961-09-19 12:00:00,986.4,-68.61,29.34,1961-09-23 18:00:00,1001.46,-41.5,40.5
121,TC196104,Hazel,0094,C,2,1961-10-17 12:00:00,996.75,-51.52,43.12,1961-10-16 18:00:00,1961-10-09 12:00:00,997.94,-55.29,36.99,1961-10-08 06:00:00,1008.36,-64.63,28.97,1961-10-18 00:00:00,1000.5,-47.25,47.25,1009.81,-65.86,28.92,1961-10-17 00:00:00,999.67,-54.6,38.34,1961-10-17 06:00:00,998.3,-53.44,40.81
122,TC196206,Mary,0134,C,2,1962-09-13 06:00:00,996.76,-76.71,30.25,1962-09-13 06:00:00,1962-09-12 06:00:00,996.76,-76.71,30.25,1962-09-12 06:00:00,1009.04,-78.45,28.07,1962-09-17 18:00:00,1003.61,-63.57,38.81,1009.04,-78.45,28.07,1962-09-16 00:00:00,1002.44,-71.42,34.72,1962-09-17 06:00:00,1002.47,-67.08,36.58
123,TC196207,Ollie,0139,C,2,1962-10-10 12:00:00,989.6,-48.5,49.0,1962-10-07 12:00:00,1962-10-03 18:00:00,995.7,-78.91,21.41,1962-10-03 18:00:00,1006.21,-83.09,11.95,1962-10-11 00:00:00,997.68,-34.75,51.5,1006.21,-83.09,11.95,1962-10-08 12:00:00,991.46,-72.68,26.09,1962-10-09 12:00:00,996.69,-64.92,33.51
124,TC196209,Rosita,0143,C,2,1962-10-25 06:00:00,968.06,-10.91,58.58,1962-10-22 18:00:00,1962-10-20 12:00:00,969.11,-53.16,43.01,1962-10-20 12:00:00,998.31,-55.84,30.6,1962-10-25 18:00:00,972.34,-7.29,58.02,998.31,-55.84,30.6,1962-10-23 00:00:00,972.05,-51.91,46.2,1962-10-23 12:00:00,982.87,-46.09,52.0
125,TC196303,Stefan,0173,C,2,1963-06-28 18:00:00,979.79,-38.69,58.18,1963-06-27 00:00:00,1963-06-21 00:00:00,982.55,-44.94,43.93,1963-06-21 00:00:00,1010.22,-57.88,21.52,1963-06-29 00:00:00,981.07,-37.51,59.67,1010.22,-57.88,21.52,1963-06-27 06:00:00,981.63,-43.21,45.67,1963-06-28 00:00:00,983.68,-40.04,51.44
126,TC196305,Yves,0181,C,2,1963-09-20 06:00:00,939.39,-55.42,37.17,1963-09-20 06:00:00,1963-09-12 18:00:00,939.39,-55.42,37.17,1963-09-12 18:00:00,1004.11,-29.61,13.26,1963-09-23 00:00:00,987.68,-19.72,53.63,1004.11,-29.61,13.26,1963-09-21 00:00:00,947.71,-52.41,42.82,1963-09-21 18:00:00,970.94,-44.65,47.8
127,TC196403,Carlos,0234,C,2,1964-06-24 12:00:00,985.05,-63.81,40.07,1964-06-24 12:00:00,1964-06-16 18:00:00,985.05,-63.81,40.07,1964-06-16 18:00:00,1006.37,-80.14,31.84,1964-06-29 00:00:00,992.51,-25.75,54.25,1006.37,-80.14,31.84,1964-06-26 12:00:00,1000.8,-48.02,42.85,1964-06-26 18:00:00,1000.62,-45.75,42.72
128,TC196407,Gloria,0247,C,2,1964-09-08 18:00:00,967.25,-49.06,40.71,1964-09-08 18:00:00,1964-09-04 00:00:00,967.25,-49.06,40.71,1964-09-04 00:00:00,1012.16,-45.65,32.63,1964-09-13 00:00:00,980.52,-0.25,55.25,1012.16,-45.65,32.63,1964-09-09 18:00:00,976.43,-42.91,45.19,1964-09-11 12:00:00,987.22,-23.36,43.71
129,TC196502,Manfred,0297,C,2,1965-08-21 18:00:00,955.6,-71.62,38.6,1965-08-18 12:00:00,1965-08-14 06:00:00,995.83,-79.37,32.15,1965-08-14 06:00:00,1012.54,-80.64,32.72,1965-08-24 00:00:00,989.92,-58.7,50.88,1012.54,-80.64,32.72,1965-08-18 18:00:00,987.91,-79.0,31.73,1965-08-23 06:00:00,990.22,-65.62,47.24
130,TC196504,Rodri,0304,C,2,1965-09-23 06:00:00,956.88,-69.49,28.8,1965-09-20 12:00:00,1965-09-11 12:00:00,982.32,-79.01,26.91,1965-09-11 12:00:00,1007.97,-32.35,14.47,1965-09-28 06:00:00,991.64,-24.49,59.7,1007.97,-32.35,14.47,1965-09-21 06:00:00,980.47,-77.91,26.79,1965-09-27 12:00:00,996.45,-35.91,51.51
131,TC196606,Angela,0353,C,2,1966-09-04 00:00:00,911.96,-65.4,25.87,1966-09-04 00:00:00,1966-08-28 06:00:00,911.96,-65.4,25.87,1966-08-27 18:00:00,1010.83,-32.45,10.92,1966-09-10 06:00:00,975.19,-47.57,56.55,1010.19,-35.25,11.07,1966-09-07 12:00:00,952.21,-59.73,38.71,1966-09-09 06:00:00,976.1,-51.61,48.33
132,TC196608,Corliss,0357,C,2,1966-09-23 06:00:00,922.06,-41.26,23.79,1966-09-23 06:00:00,1966-09-16 00:00:00,922.06,-41.26,23.79,1966-09-15 18:00:00,1011.22,-16.17,8.78,1966-10-01 00:00:00,958.37,-20.61,59.11,1009.21,-16.08,10.18,1966-09-26 12:00:00,949.65,-39.8,31.17,1966-10-01 00:00:00,958.37,-20.61,59.11
133,TC196609,Derrick,0363,C,2,1966-10-14 00:00:00,972.21,-59.18,41.53,1966-10-11 12:00:00,1966-10-06 18:00:00,985.76,-63.33,35.88,1966-10-06 18:00:00,1010.31,-65.91,24.68,1966-10-16 12:00:00,988.91,-19.0,54.5,1010.31,-65.91,24.68,1966-10-11 18:00:00,984.65,-62.78,36.15,1966-10-15 06:00:00,994.93,-49.32,45.39
134,TC196612,Evelyn,0371,C,2,1966-11-15 06:00:00,940.21,-39.9,46.59,1966-11-15 06:00:00,1966-11-06 00:00:00,940.21,-39.9,46.59,1966-11-06 00:00:00,997.76,-33.58,38.99,1966-11-18 18:00:00,973.69,-11.0,54.75,997.76,-33.58,38.99,1966-11-17 00:00:00,975.37,-36.22,45.11,1966-11-17 12:00:00,980.94,-29.93,44.99
135,TC196710,Rachel,0409,C,2,1967-09-20 06:00:00,967.29,-29.42,48.13,1967-09-18 18:00:00,1967-09-08 06:00:00,987.65,-47.11,37.6,1967-09-08 06:00:00,1004.03,-15.98,12.54,1967-09-21 12:00:00,978.98,-15.14,59.74,1004.03,-15.98,12.54,1967-09-19 00:00:00,988.11,-44.26,38.5,1967-09-21 06:00:00,976.6,-18.88,56.87
136,TC196712,Victoria,0417,C,2,1967-10-25 18:00:00,951.0,-50.01,30.62,1967-10-25 18:00:00,1967-10-22 18:00:00,951.0,-50.01,30.62,1967-10-22 06:00:00,1003.32,-46.08,26.6,1967-10-31 12:00:00,1009.65,12.75,46.5,996.53,-44.7,27.26,1967-10-29 00:00:00,982.41,-36.26,47.24,1967-10-29 06:00:00,981.49,-32.0,49.5
137,TC196807,Daisy,0474,C,2,1968-09-24 00:00:00,940.82,-53.46,28.3,1968-09-24 00:00:00,1968-09-17 00:00:00,940.82,-53.46,28.3,1968-09-16 12:00:00,1006.9,-11.63,14.72,1968-09-29 06:00:00,1010.26,-10.75,36.5,1006.19,-16.34,13.41,1968-09-25 06:00:00,946.77,-48.22,32.6,1968-09-28 06:00:00,998.21,-19.75,39.5
138,TC196808,Ederson,0475,C,2,1968-09-29 18:00:00,967.98,-69.29,21.74,1968-09-29 18:00:00,1968-09-22 06:00:00,967.98,-69.29,21.74,1968-09-22 06:00:00,1008.32,-17.86,13.71,1968-10-04 06:00:00,977.11,-18.5,54.25,1008.32,-17.86,13.71,1968-10-01 12:00:00,975.85,-69.12,30.6,1968-10-02 18:00:00,980.89,-53.42,41.87
139,TC196809,Gwyneth,0476,C,2,1968-10-08 06:00:00,937.11,-60.86,29.24,1968-10-08 06:00:00,1968-09-30 06:00:00,937.11,-60.86,29.24,1968-09-30 06:00:00,1008.2,-51.53,14.72,1968-10-12 18:00:00,968.56,-24.97,57.95,1008.2,-51.53,14.72,1968-10-08 12:00:00,942.51,-59.3,30.27,1968-10-12 00:00:00,952.13,-29.88,57.23
140,TC196810,Isaac,0482,C,2,1968-10-20 12:00:00,928.16,-62.72,30.89,1968-10-20 12:00:00,1968-10-16 18:00:00,928.16,-62.72,30.89,1968-10-16 18:00:00,1005.39,-57.69,19.66,1968-10-24 18:00:00,961.22,-1.75,55.25,1005.39,-57.69,19.66,1968-10-21 00:00:00,938.03,-59.69,34.41,1968-10-22 12:00:00,962.91,-48.23,47.47
141,TC196903,Micah,0528,C,2,1969-09-11 06:00:00,964.77,-80.45,27.45,1969-09-11 06:00:00,1969-09-08 06:00:00,964.77,-80.45,27.45,1969-09-08 06:00:00,1005.75,-65.93,18.53,1969-09-16 12:00:00,997.33,-32.25,54.25,1005.75,-65.93,18.53,1969-09-12 00:00:00,967.81,-79.11,30.67,1969-09-15 18:00:00,994.0,-40.75,48.94
142,TC197010,Zoe,0581,C,2,1970-09-21 06:00:00,982.98,-84.95,27.18,1970-09-21 00:00:00,1970-09-16 00:00:00,983.97,-84.95,25.67,1970-09-16 00:00:00,1004.41,-77.56,15.05,1970-09-24 18:00:00,997.01,-52.5,39.75,1004.41,-77.56,15.05,1970-09-21 06:00:00,982.98,-84.95,27.18,1970-09-23 00:00:00,1001.17,-77.71,32.95
143,TC197012,Bruce,0586,C,2,1970-10-25 00:00:00,973.94,-48.99,40.16,1970-10-23 18:00:00,1970-10-22 00:00:00,985.48,-57.79,33.96,1970-10-22 00:00:00,997.23,-57.95,38.17,1970-10-28 06:00:00,1006.3,-40.5,38.75,997.23,-57.95,38.17,1970-10-24 00:00:00,984.17,-56.46,34.18,1970-10-26 06:00:00,988.47,-53.66,44.47
144,TC197103,Emmelyn,0631,C,2,1971-11-11 00:00:00,948.83,-37.34,31.39,1971-11-11 00:00:00,1971-10-28 18:00:00,948.83,-37.34,31.39,1971-10-28 18:00:00,1002.5,-78.37,15.82,1971-11-16 06:00:00,966.37,-28.69,57.45,1002.5,-78.37,15.82,1971-11-15 18:00:00,975.56,-30.81,48.66,1971-11-16 00:00:00,972.3,-29.03,52.82
145,TC197202,Ivy,0672,C,2,1972-09-03 06:00:00,922.78,-69.27,29.84,1972-09-03 06:00:00,1972-08-27 00:00:00,922.78,-69.27,29.84,1972-08-25 06:00:00,1012.64,-29.7,10.32,1972-09-08 06:00:00,983.43,-61.73,49.94,1011.46,-38.25,13.79,1972-09-07 12:00:00,966.37,-65.02,43.05,1972-09-08 00:00:00,983.01,-62.68,47.61
146,TC197206,Katie,0688,C,2,1972-11-11 18:00:00,976.34,-51.65,46.28,1972-11-11 18:00:00,1972-11-10 12:00:00,976.34,-51.65,46.28,1972-11-10 00:00:00,991.52,-59.6,38.54,1972-11-13 12:00:00,1001.73,-41.25,50.0,986.78,-57.41,42.1,1972-11-12 18:00:00,989.74,-46.75,48.5,1972-11-13 06:00:00,999.46,-41.5,49.0
147,TC197307,Risa,0714,C,2,1973-09-18 18:00:00,925.28,-68.02,24.06,1973-09-18 18:00:00,1973-09-13 06:00:00,925.28,-68.02,24.06,1973-09-11 18:00:00,1007.65,-39.5,14.87,1973-09-28 18:00:00,982.24,-42.25,52.32,1004.24,-46.26,15.13,1973-09-28 06:00:00,978.82,-47.6,49.73,1973-09-28 06:00:00,978.82,-47.6,49.73
148,TC197309,Sergio,0724,C,2,1973-11-07 00:00:00,975.55,-56.2,44.39,1973-11-07 00:00:00,1973-10-30 12:00:00,975.55,-56.2,44.39,1973-10-29 06:00:00,1002.22,-35.25,29.22,1973-11-08 06:00:00,978.89,-51.5,56.75,997.14,-30.43,31.64,1973-11-07 06:00:00,983.44,-57.35,47.08,1973-11-07 12:00:00,995.45,-58.21,49.28
149,TC197405,Alex,0768,C,2,1974-08-25 06:00:00,995.24,-55.06,38.16,1974-08-25 06:00:00,1974-08-23 18:00:00,995.24,-55.06,38.16,1974-08-23 18:00:00,1010.64,-56.58,33.05,1974-08-27 00:00:00,1006.6,-44.6,45.12,1010.64,-56.58,33.05,1974-08-26 12:00:00,1002.67,-47.44,42.76,1974-08-26 18:00:00,1004.64,-46.02,43.94
150,TC197406,Beatrice,0769,C,2,1974-09-05 00:00:00,886.09,-70.63,29.0,1974-09-05 00:00:00,1974-08-26 06:00:00,886.09,-70.63,29.0,1974-08-26 06:00:00,1005.13,-26.15,12.6,1974-09-08 18:00:00,985.93,-58.0,55.75,1005.13,-26.15,12.6,1974-09-06 06:00:00,926.65,-71.15,36.33,1974-09-07 18:00:00,981.64,-67.95,46.82
151,TC197512,Nicole,0843,C,2,1975-11-17 06:00:00,951.35,-36.89,38.98,1975-11-17 06:00:00,1975-11-13 12:00:00,951.35,-36.89,38.98,1975-11-13 06:00:00,1002.75,-43.17,28.43,1975-11-18 18:00:00,988.44,-41.06,58.44,1001.21,-41.68,29.19,1975-11-17 12:00:00,955.68,-38.64,40.98,1975-11-18 18:00:00,988.44,-41.06,58.44
152,TC197603,Tony,0864,C,2,1976-07-20 00:00:00,985.87,-80.45,31.87,1976-07-20 00:00:00,1976-07-18 00:00:00,985.87,-80.45,31.87,1976-07-18 00:00:00,1011.89,-77.35,31.01,1976-07-26 18:00:00,1002.35,-61.75,42.75,1011.89,-77.35,31.01,1976-07-25 12:00:00,1003.33,-75.5,35.5,1976-07-26 06:00:00,1002.42,-69.0,38.0
153,TC197607,Christine,0880,C,2,1976-10-16 18:00:00,956.92,-68.15,37.15,1976-10-16 18:00:00,1976-10-10 18:00:00,956.92,-68.15,37.15,1976-10-10 18:00:00,1009.82,-71.13,25.69,1976-10-23 18:00:00,960.51,-8.0,57.0,1009.82,-71.13,25.69,1976-10-20 18:00:00,957.96,-62.16,37.09,1976-10-22 12:00:00,983.45,-34.7,44.27
154,TC197611,Elyse,0889,C,2,1976-11-23 00:00:00,951.01,-64.43,29.08,1976-11-23 00:00:00,1976-11-20 12:00:00,951.01,-64.43,29.08,1976-11-19 12:00:00,1002.26,-65.61,23.34,1976-11-29 00:00:00,1000.95,11.75,48.0,975.83,-62.75,26.24,1976-11-24 00:00:00,960.84,-60.15,35.44,1976-11-25 06:00:00,984.52,-45.26,48.2
155,TC197705,Jacob,0929,C,2,1977-09-14 18:00:00,941.56,-32.21,59.61,1977-09-06 12:00:00,1977-08-28 12:00:00,969.59,-67.71,23.61,1977-08-28 12:00:00,1009.16,-35.59,13.11,1977-09-14 18:00:00,941.56,-32.21,59.61,1009.16,-35.59,13.11,1977-09-12 12:00:00,994.93,-63.47,36.05,1977-09-14 12:00:00,951.89,-36.82,56.58
156,TC197804,Luke,0980,C,2,1978-09-05 18:00:00,930.5,-67.63,32.64,1978-09-05 18:00:00,1978-08-28 00:00:00,930.5,-67.63,32.64,1978-08-26 12:00:00,1007.38,-27.2,12.45,1978-09-11 00:00:00,989.69,-57.04,58.92,1005.09,-36.91,15.97,1978-09-08 00:00:00,938.97,-60.6,39.81,1978-09-10 00:00:00,978.7,-51.13,50.61
157,TC197806,Maho,0989,C,2,1978-10-06 06:00:00,993.16,-67.0,41.5,1978-10-04 18:00:00,1978-09-30 06:00:00,997.4,-77.0,33.5,1978-09-30 06:00:00,1009.31,-78.1,16.4,1978-10-06 12:00:00,994.83,-63.25,44.5,1009.31,-78.1,16.4,1978-10-05 12:00:00,998.61,-74.75,36.75,1978-10-05 18:00:00,998.79,-73.0,38.0
158,TC197905,Tiffany,1041,C,2,1979-09-09 18:00:00,931.74,-51.4,32.99,1979-09-09 18:00:00,1979-09-02 00:00:00,931.74,-51.4,32.99,1979-08-30 18:00:00,1009.33,-10.96,11.59,1979-09-13 18:00:00,987.23,-13.73,58.1,1004.12,-26.04,13.4,1979-09-12 06:00:00,948.0,-44.12,41.85,1979-09-13 06:00:00,971.74,-27.37,51.89
159,TC198002,Bonnie,1095,C,2,1980-08-18 18:00:00,986.45,-76.92,33.24,1980-08-18 18:00:00,1980-08-15 06:00:00,986.45,-76.92,33.24,1980-08-15 06:00:00,1008.1,-63.91,19.71,1980-08-21 18:00:00,991.39,-60.91,49.16,1008.1,-63.91,19.71,1980-08-20 12:00:00,996.62,-73.04,43.47,1980-08-21 06:00:00,991.64,-66.72,47.64
160,TC198006,Demi,1101,C,2,1980-09-14 18:00:00,910.18,-57.77,21.33,1980-09-14 18:00:00,1980-09-08 00:00:00,910.18,-57.77,21.33,1980-09-07 00:00:00,1011.73,-25.21,14.69,1980-09-24 12:00:00,967.12,-27.93,58.41,1007.94,-29.58,15.59,1980-09-21 06:00:00,942.55,-52.81,38.81,1980-09-24 12:00:00,967.12,-27.93,58.41
161,TC198104,Julie,1150,C,2,1981-09-27 18:00:00,985.55,-35.82,58.05,1981-09-25 18:00:00,1981-09-23 06:00:00,991.81,-52.24,43.68,1981-09-23 06:00:00,1008.42,-57.36,31.83,1981-09-27 18:00:00,985.55,-35.82,58.05,1008.42,-57.36,31.83,1981-09-26 06:00:00,991.24,-48.46,48.19,1981-09-26 18:00:00,991.72,-41.71,52.81
162,TC198105,Keith,1151,C,2,1981-10-04 18:00:00,896.3,-69.02,25.48,1981-10-04 18:00:00,1981-09-23 18:00:00,896.3,-69.02,25.48,1981-09-23 18:00:00,1003.83,-22.25,14.17,1981-10-07 06:00:00,991.65,-63.32,46.71,1003.83,-22.25,14.17,1981-10-06 00:00:00,925.2,-70.86,32.79,1981-10-07 06:00:00,991.65,-63.32,46.71
163,TC198107,Lily,1157,C,2,1981-10-26 06:00:00,987.1,-60.56,30.26,1981-10-26 06:00:00,1981-10-20 06:00:00,987.1,-60.56,30.26,1981-10-20 00:00:00,1007.21,-61.93,19.4,1981-10-28 18:00:00,1011.32,-35.25,41.0,1007.07,-59.96,18.46,1981-10-26 18:00:00,999.52,-58.77,33.51,1981-10-27 06:00:00,1003.26,-54.84,37.77
164,TC198205,Shannon,1203,C,2,1982-09-01 12:00:00,951.18,-61.03,37.01,1982-09-01 12:00:00,1982-08-21 18:00:00,951.18,-61.03,37.01,1982-08-21 18:00:00,1012.42,-42.71,12.3,1982-09-05 00:00:00,998.69,-26.5,54.75,1012.42,-42.71,12.3,1982-09-05 00:00:00,998.69,-26.5,54.75,1982-09-05 00:00:00,998.69,-26.5,54.75
165,TC198211,Dominic,1220,C,2,1982-11-14 18:00:00,971.75,-69.21,40.25,1982-11-12 18:00:00,1982-11-10 00:00:00,991.47,-73.16,25.77,1982-11-10 00:00:00,1004.11,-75.56,14.11,1982-11-17 18:00:00,995.37,-39.5,50.25,1004.11,-75.56,14.11,1982-11-13 00:00:00,990.76,-73.25,27.55,1982-11-15 06:00:00,976.91,-65.97,42.84
166,TC198305,John,1264,C,2,1983-09-10 06:00:00,909.97,-69.49,28.8,1983-09-10 06:00:00,1983-09-02 12:00:00,909.97,-69.49,28.8,1983-09-02 12:00:00,1006.75,-59.52,19.88,1983-09-15 00:00:00,970.19,-60.01,56.44,1006.75,-59.52,19.88,1983-09-13 06:00:00,925.39,-68.88,36.74,1983-09-14 12:00:00,954.97,-62.86,50.14
167,TC198306,Kannas,1265,C,2,1983-09-11 06:00:00,955.97,-34.59,41.85,1983-09-11 06:00:00,1983-09-05 06:00:00,955.97,-34.59,41.85,1983-09-04 12:00:00,1006.25,-23.32,12.46,1983-09-13 00:00:00,990.26,-13.62,58.78,1002.17,-24.11,17.66,1983-09-12 12:00:00,970.88,-20.69,54.1,1983-09-13 00:00:00,990.26,-13.62,58.78
168,TC198307,Lomy,1266,C,2,1983-09-16 18:00:00,941.98,-36.54,32.93,1983-09-16 18:00:00,1983-09-11 00:00:00,941.98,-36.54,32.93,1983-09-10 06:00:00,1005.3,-28.39,17.57,1983-09-22 18:00:00,1001.04,-34.16,40.3,1003.03,-31.27,18.98,1983-09-21 06:00:00,987.81,-45.36,43.82,1983-09-22 18:00:00,1001.04,-34.16,40.3
169,TC198308,Mandy,1271,C,2,1983-10-08 06:00:00,944.85,-56.72,30.42,1983-10-08 06:00:00,1983-09-27 12:00:00,944.85,-56.72,30.42,1983-09-27 12:00:00,1007.97,-31.69,11.56,1983-10-11 06:00:00,982.95,-66.77,58.78,1007.97,-31.69,11.56,1983-10-09 12:00:00,959.7,-55.3,37.83,1983-10-10 18:00:00,975.49,-65.54,49.95
170,TC198313,Samuel,1285,C,2,1983-11-26 18:00:00,986.22,-77.95,17.88,1983-11-26 18:00:00,1983-11-24 12:00:00,986.22,-77.95,17.88,1983-11-23 18:00:00,1006.76,-74.08,12.32,1983-11-29 06:00:00,1011.7,-66.75,28.0,1005.57,-76.69,14.09,1983-11-28 06:00:00,1002.12,-73.75,22.25,1983-11-28 12:00:00,1003.87,-72.25,23.25
171,TC198401,Tatiana,1304,C,2,1984-05-12 00:00:00,986.66,-91.17,27.92,1984-05-11 12:00:00,1984-05-09 00:00:00,994.62,-93.41,26.63,1984-05-09 00:00:00,1008.11,-92.31,21.92,1984-05-13 06:00:00,1003.91,-86.0,40.0,1008.11,-92.31,21.92,1984-05-11 18:00:00,990.58,-92.68,27.41,1984-05-12 12:00:00,991.85,-88.13,30.13
172,TC198405,Aidan,1327,C,2,1984-10-11 18:00:00,961.11,-48.21,53.4,1984-10-08 06:00:00,1984-10-02 00:00:00,988.37,-64.2,34.29,1984-10-02 00:00:00,1001.86,-54.9,36.43,1984-10-13 18:00:00,980.64,-29.25,54.75,1001.86,-54.9,36.43,1984-10-08 12:00:00,986.74,-64.61,34.07,1984-10-11 18:00:00,961.11,-48.21,53.4
173,TC198406,Bella,1330,C,2,1984-10-21 12:00:00,907.78,-72.34,23.34,1984-10-21 12:00:00,1984-10-15 06:00:00,907.78,-72.34,23.34,1984-10-15 06:00:00,1005.0,-77.95,11.61,1984-10-28 06:00:00,959.1,-48.04,58.37,1005.0,-77.95,11.61,1984-10-27 00:00:00,966.81,-60.45,40.99,1984-10-28 00:00:00,961.78,-50.05,54.96
174,TC198501,Dorcas,1356,C,2,1985-06-11 12:00:00,984.79,-76.25,35.38,1985-06-09 06:00:00,1985-06-07 12:00:00,986.9,-81.65,30.38,1985-06-07 12:00:00,998.0,-78.26,27.22,1985-06-13 18:00:00,989.37,-46.75,52.25,998.0,-78.26,27.22,1985-06-10 12:00:00,996.85,-79.08,30.96,1985-06-13 00:00:00,990.33,-62.68,43.0
175,TC198704,Daniel,1462,C,2,1987-07-12 06:00:00,986.02,-71.27,38.55,1987-07-11 12:00:00,1987-07-09 12:00:00,998.19,-77.7,34.63,1987-07-09 12:00:00,1009.91,-81.69,34.35,1987-07-14 18:00:00,1012.13,-45.5,45.75,1009.91,-81.69,34.35,1987-07-11 18:00:00,995.1,-75.34,35.56,1987-07-13 12:00:00,1003.53,-59.03,43.68
176,TC198706,Emily,1475,C,2,1987-09-26 06:00:00,991.29,-76.18,34.46,1987-09-26 06:00:00,1987-09-24 18:00:00,991.29,-76.18,34.46,1987-09-24 18:00:00,1007.7,-74.09,32.66,1987-09-30 00:00:00,1005.83,-67.5,45.5,1007.7,-74.09,32.66,1987-09-28 12:00:00,998.24,-75.83,37.88,1987-09-29 00:00:00,997.46,-73.94,39.36
177,TC198807,Luca,1514,C,2,1988-08-23 12:00:00,951.47,-71.26,25.86,1988-08-23 12:00:00,1988-08-19 12:00:00,951.47,-71.26,25.86,1988-08-19 12:00:00,1006.34,-50.92,15.44,1988-08-30 18:00:00,985.53,-54.91,51.95,1006.34,-50.92,15.44,1988-08-30 06:00:00,983.81,-53.91,48.22,1988-08-30 12:00:00,983.91,-55.38,50.2
178,TC198904,Tess,1568,C,2,1989-08-24 00:00:00,950.53,-61.46,36.8,1989-08-24 00:00:00,1989-08-16 18:00:00,950.53,-61.46,36.8,1989-08-16 18:00:00,1009.16,-54.01,18.37,1989-08-28 12:00:00,1011.42,-32.0,44.25,1009.16,-54.01,18.37,1989-08-24 12:00:00,952.17,-58.8,38.89,1989-08-27 12:00:00,1002.63,-36.27,46.14
