,Ensemble,Orig Code,New Code,Name
0,A,0061,TC210001,Alex
1,A,0067,TC210003,Beatrice
2,A,0078,TC210004,Colin
3,A,0080,TC210005,Dawn
4,A,0081,TC210006,Ernest
5,A,0091,TC210007,Flavia
6,A,0124,TC210103,Harrison
7,A,0130,TC210105,Janet
8,A,0131,TC210106,Kinen
9,A,0139,TC210107,Lydia
10,A,0145,TC210108,Mario
11,A,0146,TC210109,Nicole
12,A,0152,TC210201,Quinn
13,A,0166,TC210203,Stephanie
14,A,0225,TC210303,Tony
15,A,0255,TC210402,Winnie
16,A,0292,TC210406,Audrey
17,A,0294,TC210407,Brandon
18,A,0311,TC210502,Christine
19,A,0312,TC210503,David
20,A,0326,TC210506,Elyse
21,A,0328,TC210507,Frederick
22,A,0363,TC210602,Hope
23,A,0380,TC210604,Jacob
24,A,0431,TC210703,Katrina
25,A,0459,TC210802,Luke
26,A,0487,TC210803,Maho
27,A,0492,TC210805,Nicholas
28,A,0495,TC210806,Queenie
29,A,0502,TC210808,Samson
30,A,0509,TC210901,Tiffany
31,A,0535,TC210905,William
32,A,0541,TC210908,Andy
33,A,0573,TC211001,Bonnie
34,A,0578,TC211003,Charlie
35,A,0587,TC211004,Demi
36,A,0657,TC211202,Erik
37,A,0666,TC211204,Frances
38,A,0682,TC211205,Hubert
39,A,0689,TC211206,Julie
40,A,0693,TC211207,Keith
41,A,0695,TC211208,Lily
42,A,0705,TC211301,Marc
43,A,0727,TC211305,Noelle
44,A,0735,TC211307,Rocco
45,A,0736,TC211308,Shannon
46,A,0741,TC211309,Thomas
47,A,0750,TC211401,Wendy
48,A,0753,TC211402,Anna
49,A,0771,TC211405,Bryan
50,A,0772,TC211406,Cissy
51,A,0773,TC211407,Dominic
52,A,0776,TC211408,Esther
53,A,0777,TC211409,Frank
54,A,0783,TC211410,Helena
55,A,0830,TC211501,John
56,A,0837,TC211503,Kannas
57,A,0843,TC211504,Lomy
58,A,0887,TC211604,Mandy
59,A,0888,TC211605,Nathan
60,A,0889,TC211606,Rosalina
61,A,0902,TC211704,Samuel
62,A,0908,TC211706,Tatiana
63,A,0910,TC211707,Wilson
64,A,0924,TC211708,Aidan
65,A,0959,TC211802,Bella
66,A,0961,TC211803,Carson
67,A,0969,TC211804,Dorcas
68,A,0975,TC211806,Erling
69,A,0976,TC211807,Grace
70,A,1003,TC211901,Hendrik
71,A,1051,TC212003,Jana
72,A,1059,TC212004,Kevin
73,A,1060,TC212005,Laura
74,A,1062,TC212006,Manuel
75,A,1129,TC212107,Olivia
76,A,1132,TC212108,Rayan
77,A,1139,TC212201,Shirley
78,A,1145,TC212203,Tijjani
79,A,1176,TC212206,Yui
80,A,1179,TC212207,Alissa
81,A,1188,TC212208,Benjamin
82,A,1194,TC212209,Carmen
83,A,1213,TC212303,Daniel
84,A,1231,TC212305,Emily
85,A,1233,TC212306,Geoffrey
86,A,1234,TC212307,Hazel
87,A,1282,TC212402,Joshua
88,A,1331,TC212502,Kelly
89,A,1340,TC212503,Luca
90,A,1347,TC212601,Mary
91,A,1367,TC212604,Ollie
92,A,1400,TC212701,Rosita
93,A,1403,TC212702,Stefan
94,A,1410,TC212704,Tess
95,A,1438,TC212707,Yves
96,A,1447,TC212709,Alberto
97,A,1450,TC212710,Blaise
98,A,1455,TC212802,Carlos
99,A,1466,TC212803,Doreen
100,A,1480,TC212806,Emiliano
101,A,1487,TC212807,Gloria
102,A,1524,TC212903,Ian
103,A,1528,TC212905,Jessica
104,A,1546,TC213001,Kyle
105,A,1555,TC213002,Lorraine
106,A,1564,TC213003,Manfred
107,B,0059,TC213101,Oxlip
108,B,0063,TC213102,Rodri
109,B,0064,TC213103,Sofiee
110,B,0072,TC213104,Victor
111,B,0082,TC213105,Yan
112,B,0094,TC213106,Angela
113,B,0119,TC213201,Bernardo
114,B,0123,TC213202,Corliss
115,B,0151,TC213205,Derrick
116,B,0162,TC213303,Evelyn
117,B,0169,TC213306,Gabriel
118,B,0171,TC213307,Ivanka
119,B,0174,TC213308,Jack
120,B,0196,TC213312,Kyan
121,B,0231,TC213404,Lionel
122,B,0236,TC213406,Melody
123,B,0242,TC213409,Oscar
124,B,0244,TC213410,Rachel
125,B,0305,TC213506,Sunny
126,B,0307,TC213507,Victoria
127,B,0311,TC213508,Yoshi
128,B,0314,TC213509,Antoine
129,B,0332,TC213602,Brenda
130,B,0338,TC213603,Claudio
131,B,0349,TC213604,Daisy
132,B,0351,TC213606,Ederson
133,B,0352,TC213607,Gwyneth
134,B,0355,TC213608,Isaac
135,B,0358,TC213609,Jaime
136,B,0379,TC213702,Kelechi
137,B,0380,TC213703,Laurel
138,B,0402,TC213704,Micah
139,B,0404,TC213705,Peach
140,B,0411,TC213801,Ruben
141,B,0441,TC213805,Seldoen
142,B,0463,TC213901,Vincent
143,B,0468,TC213902,Zoe
144,B,0491,TC213903,Alice
145,B,0496,TC213904,Bruce
146,B,0498,TC213905,Candy
147,B,0510,TC214002,Dylan
148,B,0526,TC214003,Emmelyn
149,B,0534,TC214004,Gianluigi
150,B,0535,TC214005,Ivy
151,B,0546,TC214008,Jeremy
152,B,0547,TC214009,Katie
153,B,0548,TC214010,Luigi
154,B,0563,TC214101,Michelle
155,B,0575,TC214102,Phil
156,B,0577,TC214103,Risa
157,B,0579,TC214104,Sergio
158,B,0584,TC214105,Vivianne
159,B,0590,TC214106,Zack
160,B,0603,TC214201,Alex
161,B,0621,TC214203,Beatrice
162,B,0649,TC214301,Colin
163,B,0651,TC214302,Dawn
164,B,0699,TC214403,Ernest
165,B,0715,TC214406,Flavia
166,B,0716,TC214407,Harrison
167,B,0721,TC214409,Janet
168,B,0723,TC214411,Kinen
169,B,0724,TC214412,Lydia
170,B,0727,TC214413,Mario
171,B,0729,TC214414,Nicole
172,B,0750,TC214501,Quinn
173,B,0752,TC214502,Stephanie
174,B,0765,TC214503,Tony
175,B,0766,TC214504,Winnie
176,B,0795,TC214601,Audrey
177,B,0796,TC214602,Brandon
178,B,0823,TC214701,Christine
179,B,0835,TC214702,David
180,B,0839,TC214703,Elyse
181,B,0861,TC214704,Frederick
182,B,0864,TC214705,Hope
183,B,0868,TC214706,Jacob
184,B,0871,TC214707,Katrina
185,B,0872,TC214708,Luke
186,B,0877,TC214709,Maho
187,B,0879,TC214801,Nicholas
188,B,0887,TC214804,Queenie
189,B,0895,TC214806,Samson
190,B,0898,TC214807,Tiffany
191,B,0905,TC214809,William
192,B,0907,TC214810,Andy
193,B,0911,TC214811,Bonnie
194,B,0916,TC214812,Charlie
195,B,0934,TC214901,Demi
196,B,0976,TC215001,Erik
197,B,1019,TC215005,Frances
198,B,1022,TC215006,Hubert
199,B,1023,TC215007,Julie
200,B,1028,TC215101,Keith
201,B,1033,TC215102,Lily
202,B,1040,TC215105,Marc
203,B,1060,TC215108,Noelle
204,B,1089,TC215202,Rocco
205,B,1107,TC215204,Shannon
206,B,1136,TC215301,Thomas
207,B,1160,TC215305,Wendy
208,B,1164,TC215306,Anna
209,B,1166,TC215307,Bryan
210,B,1172,TC215309,Cissy
211,B,1181,TC215401,Dominic
212,B,1182,TC215402,Esther
213,B,1194,TC215407,Frank
214,B,1220,TC215410,Helena
215,B,1222,TC215412,John
216,B,1254,TC215502,Kannas
217,B,1286,TC215602,Lomy
218,B,1299,TC215603,Mandy
219,B,1303,TC215604,Nathan
220,B,1319,TC215702,Rosalina
221,B,1328,TC215703,Samuel
222,B,1331,TC215704,Tatiana
223,B,1332,TC215705,Wilson
224,B,1391,TC215805,Aidan
225,B,1401,TC215901,Bella
226,B,1402,TC215902,Carson
227,B,1406,TC215903,Dorcas
228,B,1415,TC215904,Erling
229,B,1425,TC215905,Grace
230,B,1426,TC215906,Hendrik
231,B,1429,TC215907,Jana
232,B,1430,TC215908,Kevin
233,B,1432,TC215910,Laura
234,B,1435,TC215911,Manuel
235,B,1443,TC215914,Olivia
236,B,1466,TC216001,Rayan
237,B,1475,TC216002,Shirley
238,B,1480,TC216003,Tijjani
239,B,1482,TC216004,Yui
240,B,1483,TC216005,Alissa
241,B,1485,TC216006,Benjamin
242,B,1494,TC216101,Carmen
243,B,1512,TC216102,Daniel
244,B,1518,TC216103,Emily
245,B,1526,TC216105,Geoffrey
246,B,1528,TC216106,Hazel
247,B,1529,TC216107,Joshua
248,B,1530,TC216108,Kelly
249,B,1535,TC216110,Luca
250,B,1541,TC216112,Mary
251,C,0062,TC216202,Ollie
252,C,0070,TC216204,Rosita
253,C,0082,TC216207,Stefan
254,C,0093,TC216208,Tess
255,C,0094,TC216209,Yves
256,C,0111,TC216301,Alberto
257,C,0130,TC216303,Blaise
258,C,0172,TC216402,Carlos
259,C,0190,TC216405,Doreen
260,C,0193,TC216406,Emiliano
261,C,0218,TC216502,Gloria
262,C,0225,TC216504,Ian
263,C,0236,TC216505,Jessica
264,C,0239,TC216506,Kyle
265,C,0240,TC216507,Lorraine
266,C,0242,TC216508,Manfred
267,C,0264,TC216601,Oxlip
268,C,0298,TC216605,Rodri
269,C,0301,TC216606,Sofiee
270,C,0302,TC216607,Victor
271,C,0305,TC216608,Yan
272,C,0314,TC216701,Angela
273,C,0321,TC216702,Bernardo
274,C,0323,TC216703,Corliss
275,C,0328,TC216704,Derrick
276,C,0333,TC216706,Evelyn
277,C,0336,TC216707,Gabriel
278,C,0344,TC216801,Ivanka
279,C,0354,TC216803,Jack
280,C,0365,TC216805,Kyan
281,C,0366,TC216806,Lionel
282,C,0367,TC216807,Melody
283,C,0377,TC216808,Oscar
284,C,0417,TC216902,Rachel
285,C,0422,TC216903,Sunny
286,C,0440,TC217001,Victoria
287,C,0441,TC217002,Yoshi
288,C,0458,TC217004,Antoine
289,C,0481,TC217005,Brenda
290,C,0486,TC217006,Claudio
291,C,0496,TC217102,Daisy
292,C,0501,TC217103,Ederson
293,C,0532,TC217106,Gwyneth
294,C,0569,TC217202,Isaac
295,C,0570,TC217203,Jaime
296,C,0572,TC217204,Kelechi
297,C,0575,TC217205,Laurel
298,C,0578,TC217206,Micah
299,C,0672,TC217402,Peach
300,C,0675,TC217403,Ruben
301,C,0704,TC217505,Seldoen
302,C,0705,TC217506,Vincent
303,C,0710,TC217509,Zoe
304,C,0718,TC217510,Alice
305,C,0755,TC217602,Bruce
306,C,0757,TC217603,Candy
307,C,0825,TC217803,Dylan
308,C,0852,TC217806,Emmelyn
309,C,0859,TC217807,Gianluigi
310,C,0862,TC217901,Ivy
311,C,0882,TC217904,Jeremy
312,C,0888,TC217905,Katie
313,C,0927,TC218001,Luigi
314,C,0931,TC218002,Michelle
315,C,0962,TC218103,Phil
316,C,0964,TC218104,Risa
317,C,0986,TC218108,Sergio
318,C,1010,TC218201,Vivianne
319,C,1023,TC218204,Zack
320,C,1025,TC218205,Alex
321,C,1028,TC218206,Beatrice
322,C,1076,TC218304,Colin
323,C,1080,TC218306,Dawn
324,C,1090,TC218307,Ernest
325,C,1137,TC218403,Flavia
326,C,1147,TC218405,Harrison
327,C,1152,TC218406,Janet
328,C,1199,TC218505,Kinen
329,C,1202,TC218506,Lydia
330,C,1227,TC218602,Mario
331,C,1229,TC218604,Nicole
332,C,1233,TC218605,Quinn
333,C,1243,TC218606,Stephanie
334,C,1260,TC218701,Tony
335,C,1272,TC218703,Winnie
336,C,1273,TC218704,Audrey
337,C,1278,TC218705,Brandon
338,C,1315,TC218803,Christine
339,C,1330,TC218804,David
340,C,1335,TC218805,Elyse
341,C,1349,TC218901,Frederick
342,C,1362,TC218905,Hope
343,C,1390,TC218908,Jacob
344,C,1393,TC218909,Katrina
345,C,1405,TC219001,Luke
346,C,1427,TC219002,Maho
347,C,1428,TC219003,Nicholas
348,C,1430,TC219005,Queenie
349,C,1431,TC219006,Samson
350,C,1437,TC219007,Tiffany
351,C,1439,TC219008,William
352,C,1474,TC219102,Andy
353,C,1476,TC219103,Bonnie
354,C,1478,TC219104,Charlie
355,C,1502,TC219201,Demi
356,C,1505,TC219202,Erik
357,C,1507,TC219203,Frances
358,C,1518,TC219205,Hubert
359,C,1536,TC219209,Julie
